url,label
https://dropbox.com/docs/getting-started,0
https://amazon-banking.service-byle.work/banking,1
https://www.medium.com/contact-us,0
http://tinyurl.com/bmnqsxb,1
https://www.quora.com,0
https://usa.gov/news/latest,0
https://bbc.co.uk/about,0
http://office365-password.online-tu16.top/password,1
https://www.reddit.com/pricing,0
https://sksyr67t-wallet.click/chase/wallet?id=3x2k9x5vw7,1
http://google-banking-fq8pc.com/banking.php,1
https://quora.com,0
https://www.etsy.com/contact-us,0
https://www.wikipedia.org/docs/getting-started,0
https://www.reddit.com/news/latest,0
http://idql7ylk-password.info/amazon/password?id=0iay0ze30l,1
https://www.amazon.com/about,0
https://www.office.com/,0
https://www.cloudflare.com/careers,0
https://wellsfargo-unlock.portal-bjwu.click/unlock,1
https://outlook.com/products,0
https://fbyj3eun-banking.top/apple/banking?id=glnqvwd169,1
https://www.npr.org,0
https://chase.com/docs/getting-started,0
https://pinterest.com/api/v1/status,0
http://is.gd/90cgyjw,1
https://www.figma.com/docs/getting-started,0
http://24.166.102.4/secure/microsoft/jvln,1
http://office365-account-2njas.com/account.php,1
https://zoom.us/account/settings,0
https://slack.com/account/settings,0
http://instagram-secure-8r4uj.com/secure.php,1
http://165.110.225.73/banking/facebook/jbux,1
https://netflix-billing-zszth.com/billing.php,1
https://www.apple.com/account/settings,0
https://netflix-password-5fdad.com/password.php,1
https://1atqnjsb-update.cf/instagram/update?id=b0fx3j2y9k,1
https://paypal.com/pricing,0
https://www.python.org/news/latest,0
https://stackoverflow.com,0
http://253.131.250.252/unlock/chase/au5o,1
https://apple-recover-r3p3l.com/recover.php,1
https://microsoft-suspend.center-gyjl.work/suspend,1
https://twitch.tv/careers,0
https://npmjs.com/account/settings,0
http://bit.ly/75i90za,1
https://www.npr.org/about,0
https://plf8gij5-banking.tk/google/banking?id=1rw3p73ceu,1
https://wikipedia.org/pricing,0
https://nytimes.com/account/settings,0
https://amazon-login.auth-yoxz.cf/login,1
http://facebook-suspend-ys1nn.com/suspend.php,1
http://coinbase-billing.team-ypcq.tk/billing,1
http://apple-invoice-g86ow.com/invoice.php,1
https://chase.com/,0
http://243.68.140.109/secure/facebook/8pz9,1
https://etsy.com/account/settings,0
https://wellsfargo.com/news/latest,0
http://161.4.238.50/billing/coinbase/rs1t,1
http://paypal-signin.auth-sxwf.ga/signin,1
https://www.wikipedia.org/news/latest,0
http://apple-wallet.online-ma6g.info/wallet,1
https://slack.com/,0
http://v910du60-confirm.ga/netflix/confirm?id=282rtki5v6,1
http://office365-signin-nsx0k.com/signin.php,1
https://apple.com/en/help,0
https://zoom.us/pricing,0
https://zoom.us/about,0
https://salesforce.com/user/profile,0
https://ebay.com/products,0
https://reddit.com/en/help,0
https://facebook-account-383zc.com/account.php,1
https://www.amazon.com,0
https://paypal.com/en/help,0
https://www.irs.gov/docs/getting-started,0
https://amazon-billing-w36ca.com/billing.php,1
https://salesforce.com/,0
https://www.microsoft.com/news/latest,0
https://amazon-confirm.portal-0i0u.ga/confirm,1
https://amazon.com/careers,0
http://134.83.158.228/confirm/google/xkjs,1
https://941kpbme-password.ga/paypal/password?id=egrl8h39xl,1
https://medium.com/api/v1/status,0
https://outlook.com/en/help,0
https://www.zoom.us/about,0
http://paypal-verify-hhyzg.com/verify.php,1
https://www.dropbox.com/products,0
https://quora.com/search?q=python+tutorial,0
https://bbc.co.uk/blog/2024/annual-report,0
https://netflix.com/api/v1/status,0
http://tinyurl.com/8qg59m5,1
http://facebook-verify-wdt1d.com/verify.php,1
https://www.irs.gov/blog/2024/annual-report,0
https://wznmg3it-secure.top/coinbase/secure?id=anzq6fhl0y,1
https://www.netflix.com,0
https://mit.edu/account/settings,0
http://bit.ly/9irbi8f,1
https://www.stackoverflow.com/,0
https://wsj.com/en/help,0
http://bit.ly/19begio,1
http://174.144.129.80/account/instagram/2hl5,1
https://linkedin.com,0
https://microsoft-account-dv8se.com/account.php,1
https://amazon-update.center-5j5o.gq/update,1
http://wellsfargo-confirm-xc8l0.com/confirm.php,1
https://www.spotify.com/careers,0
http://bit.ly/ll2ekdv,1
http://apple-update.portal-7qpg.click/update,1
https://usa.gov/,0
http://168.45.175.233/billing/paypal/gy00,1
https://facebook-billing-xlam2.com/billing.php,1
https://www.atlassian.com/account/settings,0
https://microsoft-suspend-04rfb.com/suspend.php,1
https://pinterest.com/about,0
https://nz00322y-confirm.ga/apple/confirm?id=3xvuzi7npn,1
http://120.235.252.43/signin/office365/5hf3,1
https://www.khanacademy.org/news/latest,0
https://www.notion.so/news/latest,0
http://jdqfrr5r-wallet.cf/microsoft/wallet?id=ni7he0xmai,1
http://211.106.97.72/suspend/chase/m5qa,1
https://netflix-verify.session-evv1.top/verify,1
http://75.72.223.98/wallet/chase/5f42,1
http://is.gd/b1tjc30,1
https://www.adobe.com/search?q=python+tutorial,0
https://chase-password.auth-zh30.tk/password,1
https://google-verify.center-h4w7.xyz/verify,1
http://wellsfargo-invoice.portal-68c7.tk/invoice,1
https://coinbase-banking.user-ag46.xyz/banking,1
https://coinbase-login.gateway-6vu4.tk/login,1
https://digitalocean.com/blog/2024/annual-report,0
https://wsj.com/pricing,0
https://github.com/en/help,0
http://d2f11b0o-update.tk/wellsfargo/update?id=iis7gvuqka,1
http://34.2.208.138/confirm/apple/bw8o,1
https://docs.python.org/account/settings,0
https://paypal-invoice.id-d3zj.ml/invoice,1
https://zoom.us/,0
https://outlook.com/,0
https://gwdkv38s-billing.top/facebook/billing?id=1rd7v6w77m,1
http://tinyurl.com/l12oxej,1
http://tinyurl.com/1lx3e3y,1
https://www.pinterest.com/account/settings,0
https://apple-login-u7m4m.com/login.php,1
https://www.salesforce.com/user/profile,0
https://netflix-secure-mzcwd.com/secure.php,1
https://adobe.com/about,0
https://protonmail.com/about,0
https://wellsfargo-suspend.support-3csv.work/suspend,1
https://www.google.com/blog/2024/annual-report,0
http://paypal-unlock.service-y7h7.xyz/unlock,1
https://www.outlook.com/api/v1/status,0
http://facebook-recover-iu2nt.com/recover.php,1
http://apple-confirm-p2fg7.com/confirm.php,1
http://coinbase-invoice-tpt5q.com/invoice.php,1
http://facebook-wallet.id-eud3.gq/wallet,1
http://bit.ly/jqxfnxd,1
http://0h9comjt-signin.ml/amazon/signin?id=izaxd6ah7r,1
https://zje7leiu-invoice.ml/wellsfargo/invoice?id=z3c98rp18s,1
http://microsoft-secure-0kg1u.com/secure.php,1
https://reddit.com/,0
http://microsoft-confirm.id-vdx1.top/confirm,1
https://reddit.com/pricing,0
https://www.wikipedia.org/blog/2024/annual-report,0
https://quora.com/en/help,0
https://office365-suspend.gateway-ftnf.click/suspend,1
https://outlook.com/contact-us,0
https://www.linkedin.com/,0
http://is.gd/kb70vjo,1
https://chase-signin.support-07om.xyz/signin,1
https://www.quora.com/news/latest,0
https://chase.com/account/settings,0
http://bit.ly/sjsrl1a,1
https://ebay.com/blog/2024/annual-report,0
http://141.240.102.134/verify/wellsfargo/zow0,1
http://5.25.252.221/password/office365/z1pn,1
https://www.outlook.com/account/settings,0
https://npr.org/contact-us,0
https://gitlab.com,0
https://cloudflare.com/en/help,0
http://kjhchalo-invoice.tk/instagram/invoice?id=labe7y31yh,1
http://218.20.151.181/update/netflix/bp7q,1
https://wikipedia.org/api/v1/status,0
https://slack.com,0
https://www.apple.com/contact-us,0
https://1q5bnh9a-banking.info/coinbase/banking?id=vmmzk2q1z1,1
https://www.ebay.com/blog/2024/annual-report,0
http://chase-wallet.online-6fva.gq/wallet,1
https://www.cloudflare.com/,0
http://241.219.47.32/unlock/chase/avpn,1
https://www.paypal.com/blog/2024/annual-report,0
https://wellsfargo-suspend-drcwo.com/suspend.php,1
https://slack.com/products,0
https://www.docs.python.org/news/latest,0
https://www.protonmail.com/careers,0
https://www.npmjs.com,0
https://digitalocean.com/pricing,0
https://www.wikipedia.org/,0
http://150.51.54.48/login/coinbase/03lq,1
http://facebook-unlock-afkkp.com/unlock.php,1
http://coinbase-confirm.web-uwbs.ml/confirm,1
https://www.wsj.com/products,0
https://google.com/en/help,0
http://205.157.118.89/signin/paypal/usxd,1
https://outlook.com/user/profile,0
http://apple-unlock.web-0it8.top/unlock,1
https://www.adobe.com/api/v1/status,0
http://coinbase-unlock-mz82h.com/unlock.php,1
https://github.com/contact-us,0
http://6.1.101.126/suspend/facebook/3ykv,1
https://mozilla.org/user/profile,0
http://ga2idlh4-verify.cf/amazon/verify?id=c4ut7wms0x,1
http://tinyurl.com/60kp7s5,1
http://paypal-password-nra1e.com/password.php,1
https://coursera.org/,0
https://www.atlassian.com,0
https://wikipedia.org/blog/2024/annual-report,0
https://www.netflix.com/pricing,0
https://www.zoom.us/careers,0
https://office.com/about,0
https://dropbox.com/,0
https://n29gauph-suspend.ml/netflix/suspend?id=j8366q8y17,1
https://wsj.com/user/profile,0
https://www.shopify.com/careers,0
https://paypal-wallet-a511u.com/wallet.php,1
http://office365-signin.id-rrs6.xyz/signin,1
https://www.npr.org/contact-us,0
http://le3snx2q-password.top/coinbase/password?id=7pvj07dzr8,1
http://microsoft-account.online-atfd.work/account,1
https://www.theguardian.com/news/latest,0
https://salesforce.com/search?q=python+tutorial,0
https://theguardian.com/careers,0
http://tinyurl.com/b9f54yd,1
https://irs.gov/user/profile,0
https://figma.com/docs/getting-started,0
https://spotify.com/about,0
https://www.mozilla.org/user/profile,0
https://www.python.org/products,0
http://212.113.251.139/billing/google/s12d,1
https://www.coursera.org/user/profile,0
https://www.google.com/en/help,0
https://microsoft-wallet.service-71bz.work/wallet,1
http://m74mn3cm-recover.work/office365/recover?id=tlstr2s9ar,1
http://is.gd/52lx1at,1
http://amazon-invoice.user-l7kg.gq/invoice,1
https://www.office.com/account/settings,0
http://37.217.64.46/wallet/office365/ai7j,1
http://144.149.179.177/account/coinbase/0i9v,1
https://l6rvtdg6-billing.work/microsoft/billing?id=ik4kadl9ns,1
https://ebay.com/news/latest,0
https://office.com/pricing,0
https://google-recover-sx5cu.com/recover.php,1
https://www.amazon.com/careers,0
http://184.209.171.254/banking/microsoft/llwz,1
https://npr.org/about,0
https://coursera.org/user/profile,0
https://reddit.com/api/v1/status,0
https://www.npr.org/blog/2024/annual-report,0
http://198.144.244.36/secure/google/9vg9,1
https://medium.com/pricing,0
http://chase-signin.user-z9x0.tk/signin,1
https://www.linkedin.com/products,0
http://230.235.220.57/account/instagram/2tx9,1
http://192.250.93.144/signin/wellsfargo/r4iy,1
https://npmjs.com/docs/getting-started,0
https://qg9w0paj-account.work/instagram/account?id=2xadancwyz,1
https://www.office.com/en/help,0
https://python.org/docs/getting-started,0
https://www.etsy.com/api/v1/status,0
https://github.com/careers,0
https://amazon.com/user/profile,0
https://edyv03po-confirm.tk/instagram/confirm?id=2rx2cfzuj2,1
https://dropbox.com,0
https://www.notion.so/pricing,0
https://notion.so/search?q=python+tutorial,0
https://etsy.com/news/latest,0
https://www.microsoft.com/careers,0
https://atlassian.com/products,0
http://paypal-banking-jhyly.com/banking.php,1
http://123.254.237.194/billing/microsoft/wbvy,1
http://bit.ly/gclfkxt,1
https://fwlp8z2y-signin.tk/instagram/signin?id=4m8lb2ryee,1
https://shopify.com/docs/getting-started,0
https://www.notion.so/careers,0
https://pinterest.com/search?q=python+tutorial,0
https://shopify.com/careers,0
https://46s6e1wl-suspend.top/google/suspend?id=rqqxqq1d8n,1
https://amazon-suspend.gateway-quzy.xyz/suspend,1
https://www.notion.so/about,0
https://python.org/en/help,0
https://etsy.com/pricing,0
https://etsy.com,0
https://protonmail.com/en/help,0
https://www.wikipedia.org/api/v1/status,0
http://85.25.234.95/account/instagram/q6ar,1
https://www.khanacademy.org/api/v1/status,0
https://mozilla.org/news/latest,0
https://mit.edu/about,0
http://tinyurl.com/03iyoz9,1
https://adobe.com/news/latest,0
https://bbc.co.uk/products,0
https://theguardian.com/search?q=python+tutorial,0
http://microsoft-unlock.service-wu0m.cf/unlock,1
https://netflix.com/,0
https://mozilla.org,0
http://r3rm3ski-unlock.xyz/wellsfargo/unlock?id=ubhdu94xju,1
http://wellsfargo-update.center-djot.gq/update,1
https://www.wsj.com/search?q=python+tutorial,0
http://microsoft-login.id-joii.cf/login,1
https://www.microsoft.com/account/settings,0
https://www.coursera.org/pricing,0
https://www.dropbox.com/docs/getting-started,0
https://atlassian.com/about,0
https://www.irs.gov/contact-us,0
https://www.usa.gov/contact-us,0
https://coursera.org/contact-us,0
http://netflix-recover.gateway-j9jl.ga/recover,1
http://186.17.136.133/password/coinbase/r08b,1
https://netflix-unlock.team-wkwq.top/unlock,1
http://27.245.100.28/password/apple/kwbh,1
https://www.twitch.tv/careers,0
http://gyspzci6-banking.xyz/microsoft/banking?id=p45l3bk80y,1
https://zoom.us/en/help,0
https://atlassian.com/account/settings,0
http://is.gd/uiksggs,1
http://23.167.86.221/update/coinbase/yyp5,1
https://www.outlook.com/products,0
http://bit.ly/kubhmt6,1
http://is.gd/md7x6dd,1
http://18zs80q4-invoice.ml/facebook/invoice?id=9160in3yda,1
http://bit.ly/zr68jhw,1
https://paypal.com/about,0
https://w53ixh7s-invoice.tk/office365/invoice?id=d3bno7ifs2,1
http://netflix-password.web-1rlr.info/password,1
https://office.com/news/latest,0
https://github.com/docs/getting-started,0
https://github.com/user/profile,0
https://netflix.com/account/settings,0
https://www.outlook.com/pricing,0
https://netflix.com,0
http://office365-banking-jvqlw.com/banking.php,1
https://amazon.com/products,0
https://microsoft.com/about,0
http://106.116.15.189/banking/paypal/4635,1
https://figma.com/about,0
https://paypal-login.service-mke5.info/login,1
http://21.242.232.45/banking/coinbase/o9q5,1
https://mozilla.org/blog/2024/annual-report,0
http://is.gd/ep9fc5t,1
http://zemffzqj-unlock.click/amazon/unlock?id=v8wziygsfu,1
http://microsoft-login-2iv72.com/login.php,1
http://is.gd/m7ezrpj,1
https://wellsfargo.com/api/v1/status,0
http://is.gd/20jdxor,1
http://paypal-confirm-1axci.com/confirm.php,1
https://python.org/pricing,0
http://86.200.213.180/billing/instagram/bkxr,1
https://medium.com/news/latest,0
https://www.npmjs.com/api/v1/status,0
https://www.npr.org/docs/getting-started,0
https://www.wsj.com/pricing,0
https://coinbase-signin.app-9bir.work/signin,1
https://www.linkedin.com/about,0
https://wellsfargo-banking.session-353s.xyz/banking,1
http://coinbase-banking-fzxav.com/banking.php,1
http://243.106.187.19/recover/coinbase/s2ru,1
https://wellsfargo-billing-eu5d9.com/billing.php,1
https://digitalocean.com/about,0
http://paypal-login-im0m0.com/login.php,1
http://bit.ly/mt3slq0,1
https://pinterest.com/account/settings,0
https://docs.python.org/news/latest,0
https://python.org/contact-us,0
https://sfhg5m89-login.top/microsoft/login?id=f7j3pa1oto,1
https://www.github.com/about,0
https://3kjbuo4a-confirm.tk/coinbase/confirm?id=44rxrs4d8i,1
https://chase-banking.app-260r.xyz/banking,1
https://www.adobe.com/en/help,0
https://www.protonmail.com/contact-us,0
https://www.npmjs.com/search?q=python+tutorial,0
https://npr.org/en/help,0
https://www.ebay.com/api/v1/status,0
http://tinyurl.com/zt22tf0,1
https://amazon.com,0
https://gitlab.com/search?q=python+tutorial,0
http://207.209.45.182/account/amazon/8gim,1
http://fm5nizuo-password.cf/paypal/password?id=c0cef65uyg,1
https://ebay.com/pricing,0
https://www.shopify.com/user/profile,0
https://www.docs.python.org/en/help,0
https://reddit.com/blog/2024/annual-report,0
http://amazon-confirm.center-7g3f.ga/confirm,1
http://is.gd/w9uu9uk,1
https://paypal.com/account/settings,0
https://khanacademy.org/products,0
https://adobe.com/api/v1/status,0
https://protonmail.com/docs/getting-started,0
https://apple.com/careers,0
https://coursera.org/docs/getting-started,0
https://www.coursera.org/en/help,0
https://www.pinterest.com/user/profile,0
https://nytimes.com/en/help,0
http://google-account-h9siw.com/account.php,1
https://9uw5xtb8-login.xyz/facebook/login?id=rla01dtwj7,1
https://m7gr6n4t-verify.cf/netflix/verify?id=3uw6dmcagz,1
https://shopify.com/products,0
http://wellsfargo-secure.support-k09l.top/secure,1
https://zoom.us/blog/2024/annual-report,0
https://www.mozilla.org/search?q=python+tutorial,0
http://113.174.232.9/banking/netflix/wif7,1
https://paypal-billing.app-yha9.work/billing,1
https://adobe.com/docs/getting-started,0
https://www.twitch.tv/,0
http://195.165.239.135/signin/office365/8z1t,1
https://atlassian.com,0
http://is.gd/8z737wz,1
http://paypal-account-fputb.com/account.php,1
https://chase-update-s3guu.com/update.php,1
https://google.com/api/v1/status,0
http://amazon-recover-6k9ur.com/recover.php,1
http://bit.ly/x5abdez,1
http://tinyurl.com/qz7zj2l,1
https://github.com/account/settings,0
https://www.apple.com/products,0
https://spotify.com,0
https://bbc.co.uk,0
http://159.227.187.58/recover/netflix/vsvc,1
https://www.chase.com/contact-us,0
https://www.ebay.com/en/help,0
https://www.amazon.com/contact-us,0
https://dropbox.com/about,0
https://instagram-login.center-mw8d.tk/login,1
https://gitlab.com/en/help,0
http://wellsfargo-recover.auth-saqn.gq/recover,1
https://chase-password-519jn.com/password.php,1
http://o3xpal9r-password.ml/paypal/password?id=2zdpy2aisp,1
http://104.9.14.48/secure/amazon/mdl6,1
https://mit.edu/search?q=python+tutorial,0
https://paypal-confirm-cgueq.com/confirm.php,1
http://dqqbw8cp-login.click/netflix/login?id=wge62h6epn,1
https://www.shopify.com/docs/getting-started,0
http://198.206.77.157/billing/microsoft/21al,1
https://wellsfargo.com/products,0
https://gitlab.com/user/profile,0
https://netflix-verify-3773u.com/verify.php,1
http://bit.ly/qv0svin,1
http://coinbase-update-o0wat.com/update.php,1
http://google-signin.team-1f2a.xyz/signin,1
https://a1ww29kb-account.work/facebook/account?id=gbrmlkoclm,1
https://m60bl8iz-password.ml/paypal/password?id=iwqkcqekof,1
https://theguardian.com/account/settings,0
http://246.186.233.107/update/office365/anzx,1
http://bit.ly/c2mawbx,1
http://pllb5hvf-suspend.ga/chase/suspend?id=gzy0y4ivlg,1
https://5mio6ijo-password.ml/netflix/password?id=fgzsgpoqlt,1
http://t50gso36-update.top/google/update?id=7qrn3dzyf8,1
https://apple-signin.session-4mg8.ml/signin,1
https://office365-invoice-rd3kn.com/invoice.php,1
http://52.30.155.24/recover/apple/yvtm,1
https://www.office.com/search?q=python+tutorial,0
https://wikipedia.org/search?q=python+tutorial,0
http://chase-verify.support-6h4j.top/verify,1
http://bit.ly/1kdsk8x,1
https://phj2gciy-wallet.info/instagram/wallet?id=4y4kbx2l2b,1
https://www.spotify.com/search?q=python+tutorial,0
https://bbc.co.uk/en/help,0
https://coinbase-unlock-pz4r3.com/unlock.php,1
http://netflix-wallet.support-x7cd.gq/wallet,1
http://110.29.176.40/login/microsoft/em45,1
https://adobe.com,0
https://stanford.edu/about,0
http://instagram-account.portal-q953.ga/account,1
https://www.python.org/pricing,0
https://www.spotify.com/,0
https://stanford.edu/news/latest,0
https://twitch.tv,0
https://www.netflix.com/search?q=python+tutorial,0
https://npr.org/careers,0
https://office.com/careers,0
https://www.coursera.org/about,0
http://ovl8wwpx-wallet.work/amazon/wallet?id=vjcxyecd05,1
https://paypal.com/docs/getting-started,0
https://apple.com,0
https://www.npr.org/,0
https://www.google.com/user/profile,0
https://www.usa.gov/user/profile,0
https://wsj.com/blog/2024/annual-report,0
https://netflix-signin.portal-d9dx.ml/signin,1
https://npr.org/api/v1/status,0
https://maxq7kro-recover.click/netflix/recover?id=96rpdje38h,1
http://tinyurl.com/vmt6kag,1
https://www.office.com/blog/2024/annual-report,0
https://irs.gov/products,0
https://paypal-banking.user-mjnt.ml/banking,1
http://amazon-verify.team-pwkn.cf/verify,1
http://chase-signin.portal-z4h9.info/signin,1
https://instagram-secure-0km6h.com/secure.php,1
http://wellsfargo-invoice.team-26x2.xyz/invoice,1
http://66.119.252.119/billing/netflix/bia2,1
https://www.docs.python.org/careers,0
https://pinterest.com/blog/2024/annual-report,0
https://www.github.com/blog/2024/annual-report,0
https://outlook.com/docs/getting-started,0
https://netflix-verify.app-4sjp.ml/verify,1
https://irs.gov/,0
https://www.mozilla.org/about,0
https://paypal.com/careers,0
http://100.206.114.175/wallet/chase/we1h,1
https://notion.so/about,0
https://www.dropbox.com,0
https://spotify.com/en/help,0
https://www.digitalocean.com/careers,0
http://bit.ly/nyhfl67,1
https://www.paypal.com/docs/getting-started,0
https://www.irs.gov/search?q=python+tutorial,0
https://49d0edji-billing.ml/microsoft/billing?id=pehz492by4,1
https://mit.edu/products,0
http://51.104.76.97/password/amazon/83fh,1
https://wellsfargo-recover.mobile-83g4.top/recover,1
http://220.200.33.10/unlock/wellsfargo/pact,1
https://www.twitch.tv/about,0
https://www.spotify.com/contact-us,0
http://office365-recover-7tdno.com/recover.php,1
https://baou1jqo-login.work/amazon/login?id=u83mwjmjnt,1
https://nytimes.com/blog/2024/annual-report,0
https://netflix-update-8lb23.com/update.php,1
http://office365-invoice.auth-1ewf.ga/invoice,1
https://wikipedia.org/,0
https://amazon-verify-0826r.com/verify.php,1
http://is.gd/h8zlz3g,1
https://paypal.com/user/profile,0
http://kdmg29df-login.tk/chase/login?id=frcant4hpg,1
https://google.com/search?q=python+tutorial,0
http://bit.ly/9oqt86m,1
https://www.linkedin.com/en/help,0
https://usa.gov/search?q=python+tutorial,0
https://www.quora.com/products,0
http://88.124.9.134/account/google/n19l,1
http://58.214.49.70/password/microsoft/mlsq,1
https://npmjs.com/news/latest,0
https://www.nytimes.com/en/help,0
https://shopify.com/search?q=python+tutorial,0
https://figma.com/user/profile,0
https://www.reddit.com/en/help,0
https://python.org/blog/2024/annual-report,0
http://238.17.38.186/confirm/facebook/odbj,1
https://www.irs.gov/en/help,0
https://www.apple.com/about,0
https://bbc.co.uk/news/latest,0
https://outlook.com,0
http://is.gd/em32h0y,1
https://1ptvqsot-banking.gq/chase/banking?id=qethzppqr2,1
http://208.36.5.65/login/microsoft/k1ka,1
https://irs.gov/pricing,0
https://www.apple.com/api/v1/status,0
https://docs.python.org/pricing,0
https://facebook-signin.session-jjr8.work/signin,1
http://is.gd/2tuom6b,1
http://144.101.97.199/billing/amazon/y4wt,1
http://ytzi8dvv-secure.xyz/amazon/secure?id=d22rdzx2vw,1
https://ocsenthb-suspend.ml/office365/suspend?id=n75uj84ic8,1
https://mit.edu/en/help,0
http://111.127.163.98/signin/instagram/mnpk,1
http://paypal-update.online-atut.tk/update,1
https://npmjs.com/api/v1/status,0
http://coinbase-verify.session-lexs.ga/verify,1
https://www.khanacademy.org/user/profile,0
https://docs.python.org/user/profile,0
http://28.156.55.207/invoice/microsoft/u66w,1
https://figma.com/blog/2024/annual-report,0
http://bit.ly/p3jjcfd,1
https://www.spotify.com/en/help,0
https://ebay.com/api/v1/status,0
http://tinyurl.com/5ovct20,1
https://office.com/search?q=python+tutorial,0
https://www.slack.com/docs/getting-started,0
https://www.apple.com/search?q=python+tutorial,0
http://office365-recover-apzil.com/recover.php,1
http://69.22.234.116/account/instagram/fu6h,1
https://gitlab.com/account/settings,0
https://www.adobe.com/pricing,0
https://www.digitalocean.com/pricing,0
https://microsoft.com/user/profile,0
https://chase-verify-a4edw.com/verify.php,1
https://jgn96kbc-invoice.cf/google/invoice?id=88ma5bxns1,1
https://irs.gov/careers,0
https://19de8y24-login.tk/facebook/login?id=qcp46rinms,1
http://google-update-f42j0.com/update.php,1
http://instagram-invoice-aukr6.com/invoice.php,1
https://etsy.com/contact-us,0
https://ysy2p5qw-verify.tk/instagram/verify?id=34j38xojsl,1
http://156.75.220.99/suspend/microsoft/qobn,1
https://twitch.tv/contact-us,0
http://is.gd/h4rfwfw,1
http://is.gd/0avlpcq,1
https://wsj.com,0
https://chase.com,0
http://tinyurl.com/arxip67,1
https://python.org/user/profile,0
http://paypal-secure-8tbix.com/secure.php,1
https://www.gitlab.com/api/v1/status,0
https://paypal.com/blog/2024/annual-report,0
https://cloudflare.com/user/profile,0
http://181.216.229.242/recover/amazon/osa2,1
https://wellsfargo.com/pricing,0
https://5bolpxxv-billing.ml/chase/billing?id=6azeoi5mcn,1
http://amazon-account.team-gtpd.ga/account,1
https://irs.gov,0
https://outlook.com/search?q=python+tutorial,0
http://tinyurl.com/ou4r9vv,1
https://www.cloudflare.com/account/settings,0
http://221.119.22.35/suspend/chase/g79h,1
https://www.twitch.tv/docs/getting-started,0
https://microsoft-invoice-grs7e.com/invoice.php,1
http://netflix-confirm.team-lac8.ga/confirm,1
https://figma.com/contact-us,0
http://x3dlp44f-confirm.click/wellsfargo/confirm?id=8qpaglkbx1,1
https://www.khanacademy.org/en/help,0
https://www.gitlab.com/en/help,0
http://28.141.138.69/login/paypal/ig1n,1
http://168.47.109.39/verify/chase/sty4,1
http://tinyurl.com/q5kn93w,1
http://109.17.114.1/invoice/office365/vakk,1
http://128.24.48.67/secure/netflix/zmow,1
https://www.paypal.com/account/settings,0
https://facebook-account-390xt.com/account.php,1
https://docs.python.org/search?q=python+tutorial,0
https://byl5yakr-banking.info/netflix/banking?id=kx2dpnojvs,1
http://google-login-f0eh4.com/login.php,1
https://amazon-secure.gateway-1i6g.info/secure,1
https://python.org/about,0
https://jfg9kn5p-wallet.gq/google/wallet?id=fjz47od5q0,1
https://usa.gov/products,0
https://qb6o29fh-update.gq/instagram/update?id=c5sif1tcdz,1
http://paypal-invoice-l2uwd.com/invoice.php,1
http://amazon-password-en219.com/password.php,1
https://spotify.com/user/profile,0
https://bywxyb51-wallet.ml/apple/wallet?id=21f1qworxq,1
https://microsoft-account.user-16sq.gq/account,1
https://gitlab.com/news/latest,0
http://bit.ly/m5511k5,1
https://coinbase-invoice-75hn5.com/invoice.php,1
https://chase.com/blog/2024/annual-report,0
https://theguardian.com/blog/2024/annual-report,0
https://theguardian.com/contact-us,0
http://xwvf0ve5-suspend.cf/microsoft/suspend?id=z8d70zj9fn,1
https://www.mit.edu/contact-us,0
https://www.wikipedia.org/user/profile,0
http://apple-password-lhbvf.com/password.php,1
https://cloudflare.com,0
http://159.138.222.57/update/microsoft/is8s,1
https://8j1rf9yy-confirm.work/microsoft/confirm?id=w0ena941gj,1
https://www.chase.com/products,0
https://medium.com/about,0
http://tinyurl.com/lodq10b,1
https://mozilla.org/contact-us,0
https://irvj9rhn-password.info/wellsfargo/password?id=xyr7atuc3n,1
http://instagram-confirm-flnbn.com/confirm.php,1
https://atlassian.com/en/help,0
http://105.15.149.241/wallet/wellsfargo/fr9u,1
https://microsoft.com,0
https://apple-wallet-q45h8.com/wallet.php,1
http://bit.ly/cdaqpyw,1
https://linkedin.com/about,0
https://coursera.org,0
https://a8hanchk-verify.top/coinbase/verify?id=dpbjxibqvk,1
https://coinbase-login-m4zkz.com/login.php,1
https://bbc.co.uk/api/v1/status,0
https://chase.com/news/latest,0
https://www.linkedin.com/account/settings,0
https://reddit.com/products,0
https://www.stackoverflow.com/contact-us,0
https://docs.python.org/docs/getting-started,0
https://pinterest.com/docs/getting-started,0
https://wikipedia.org/en/help,0
https://www.gitlab.com/contact-us,0
https://apple-account-9wpjb.com/account.php,1
https://www.usa.gov/pricing,0
https://digitalocean.com/search?q=python+tutorial,0
https://www.etsy.com/user/profile,0
http://tinyurl.com/dwe0ywq,1
http://bit.ly/xmci6f0,1
https://paypal-signin.team-uaa4.ml/signin,1
http://tinyurl.com/8mokcw0,1
https://stackoverflow.com/account/settings,0
http://coinbase-password.session-vrs1.tk/password,1
https://www.shopify.com/news/latest,0
https://pu3469fg-billing.info/wellsfargo/billing?id=1eyiak7hkm,1
https://www.reddit.com/api/v1/status,0
http://108.25.172.150/secure/paypal/dgpp,1
http://chase-billing-aemj6.com/billing.php,1
https://www.npr.org/products,0
https://shopify.com/en/help,0
https://docs.python.org/careers,0
https://instagram-wallet.auth-ohjc.work/wallet,1
http://123.2.183.13/wallet/facebook/ai09,1
https://paypal.com/news/latest,0
https://www.theguardian.com/blog/2024/annual-report,0
http://bit.ly/g5pivab,1
https://protonmail.com,0
http://u3krvbca-verify.top/wellsfargo/verify?id=bbbfukffm4,1
https://www.office.com/contact-us,0
http://hxal3gfu-suspend.tk/coinbase/suspend?id=l1fcxo2dim,1
https://h2aeqk1i-password.work/coinbase/password?id=bn3d638kgf,1
https://www.notion.so,0
https://salesforce.com/pricing,0
http://8asr9x6y-confirm.cf/microsoft/confirm?id=kmqvmuqzhs,1
http://17.132.190.95/suspend/chase/wta2,1
https://www.google.com/pricing,0
http://100.8.27.21/secure/chase/lrgf,1
https://mit.edu,0
https://khanacademy.org/api/v1/status,0
https://digitalocean.com/docs/getting-started,0
https://quora.com/blog/2024/annual-report,0
https://figma.com/account/settings,0
http://facebook-unlock.service-mt8f.click/unlock,1
http://microsoft-login.portal-uytb.click/login,1
https://khanacademy.org,0
http://bit.ly/ouea40u,1
https://www.python.org/about,0
http://168.228.248.175/suspend/netflix/qske,1
http://paypal-account-94zid.com/account.php,1
https://theguardian.com/user/profile,0
http://wellsfargo-verify.online-i39d.info/verify,1
http://v6eljucv-secure.info/wellsfargo/secure?id=yz8sq6jp5p,1
http://is.gd/251ekb9,1
https://reddit.com/docs/getting-started,0
https://quora.com/contact-us,0
https://www.chase.com/api/v1/status,0
http://microsoft-update-mw53a.com/update.php,1
http://tinyurl.com/2uqe205,1
https://ebay.com/account/settings,0
http://240.10.179.191/verify/chase/si78,1
https://salesforce.com/en/help,0
http://tinyurl.com/sn7waau,1
https://usa.gov/careers,0
https://www.npmjs.com/en/help,0
http://wellsfargo-banking-209ga.com/banking.php,1
https://dng5uto7-unlock.cf/coinbase/unlock?id=bl2set6u3l,1
https://www.linkedin.com/contact-us,0
https://adobe.com/user/profile,0
https://www.mit.edu/user/profile,0
https://coinbase-secure-frwym.com/secure.php,1
https://wikipedia.org/products,0
https://npmjs.com/blog/2024/annual-report,0
https://www.nytimes.com/,0
https://docs.python.org/about,0
https://stackoverflow.com/search?q=python+tutorial,0
https://netflix-password.gateway-qsnc.gq/password,1
http://bit.ly/ztn8gmb,1
https://facebook-password.app-wluh.work/password,1
https://ebay.com/about,0
https://paypal.com/search?q=python+tutorial,0
https://zoom.us/careers,0
http://facebook-recover-fudh0.com/recover.php,1
http://amazon-recover-foyac.com/recover.php,1
https://www.digitalocean.com/contact-us,0
https://www.bbc.co.uk/search?q=python+tutorial,0
http://coinbase-account-w7j77.com/account.php,1
https://hcupt81s-signin.info/microsoft/signin?id=cgdtiqyjrv,1
https://www.python.org,0
https://dropbox.com/user/profile,0
http://chase-account-0lslc.com/account.php,1
http://facebook-wallet.auth-syib.xyz/wallet,1
https://figma.com/api/v1/status,0
https://etsy.com/about,0
https://instagram-wallet.team-9esg.ml/wallet,1
http://cklextpc-wallet.ml/paypal/wallet?id=rq8colkwmp,1
https://s99ovywg-account.ga/coinbase/account?id=3zlsc0syy8,1
https://office365-signin.team-7ycg.click/signin,1
https://www.irs.gov/careers,0
http://99.156.203.251/wallet/office365/ou86,1
https://wsj.com/careers,0
https://google-password-20h36.com/password.php,1
https://www.zoom.us/,0
https://spotify.com/api/v1/status,0
http://tinyurl.com/lfk1tkz,1
https://docs.python.org/en/help,0
http://167.63.231.244/wallet/coinbase/7i9b,1
http://facebook-banking-56nhw.com/banking.php,1
https://wsj.com/api/v1/status,0
https://notion.so/news/latest,0
https://www.google.com/,0
https://paypal-login.support-drg5.top/login,1
http://83.177.145.154/banking/office365/0arn,1
https://notion.so/products,0
http://coinbase-billing.support-5g0j.click/billing,1
https://chase-confirm.id-feaz.top/confirm,1
https://www.docs.python.org/products,0
https://www.wsj.com/user/profile,0
https://wellsfargo-secure-1f21j.com/secure.php,1
https://outlook.com/careers,0
http://29.141.99.64/recover/microsoft/5iyn,1
https://coinbase-verify.id-0rs6.info/verify,1
https://dropbox.com/pricing,0
https://www.npmjs.com/account/settings,0
https://pinterest.com/en/help,0
https://figma.com/careers,0
https://www.usa.gov/account/settings,0
https://vn6vcy4n-billing.click/wellsfargo/billing?id=0ntk664zbu,1
http://185.173.95.88/secure/paypal/8lsm,1
https://www.zoom.us/docs/getting-started,0
http://is.gd/fu787z8,1
https://theguardian.com/en/help,0
http://62sajzjc-invoice.ga/microsoft/invoice?id=7w6e5qui3o,1
https://stanford.edu/docs/getting-started,0
https://www.notion.so/en/help,0
https://9imflw2a-confirm.info/instagram/confirm?id=r2i0qk1ejh,1
https://twitch.tv/api/v1/status,0
https://outlook.com/pricing,0
http://tinyurl.com/o7gfxp5,1
https://digitalocean.com/products,0
https://quora.com/,0
https://ys6odbxg-invoice.xyz/instagram/invoice?id=v12wznxx6s,1
http://bit.ly/t1qh26x,1
https://www.google.com/contact-us,0
https://www.pinterest.com/pricing,0
https://www.google.com/account/settings,0
http://188.246.226.105/verify/office365/xfw9,1
https://wsj.com/,0
https://www.dropbox.com/news/latest,0
https://netflix-verify.session-1do8.ml/verify,1
https://www.zoom.us/search?q=python+tutorial,0
http://bit.ly/km4eo59,1
http://249.136.245.71/login/google/5tmz,1
https://instagram-banking.team-f2ed.info/banking,1
http://tinyurl.com/j4wupdl,1
http://192.10.203.165/password/instagram/8u7a,1
http://apple-billing-kk9r1.com/billing.php,1
http://uc1g7um9-update.info/netflix/update?id=capiyomq4j,1
https://coursera.org/pricing,0
https://www.protonmail.com/products,0
https://instagram-secure.service-fnya.click/secure,1
https://www.outlook.com/search?q=python+tutorial,0
https://office.com/,0
http://is.gd/zi450pb,1
https://medium.com/blog/2024/annual-report,0
https://amazon.com/,0
http://is.gd/mqxzt38,1
https://adobe.com/pricing,0
http://bit.ly/bpb5n4i,1
https://www.netflix.com/docs/getting-started,0
https://npmjs.com/en/help,0
http://45.212.196.74/billing/wellsfargo/6cuy,1
http://bit.ly/4aj8z2k,1
http://microsoft-wallet-kayho.com/wallet.php,1
https://figma.com/search?q=python+tutorial,0
http://jnywmp55-update.info/coinbase/update?id=r1dqa13kdd,1
https://www.paypal.com,0
http://tinyurl.com/bih01z5,1
http://tinyurl.com/fnw6zpn,1
http://facebook-login-5awfx.com/login.php,1
https://cloudflare.com/news/latest,0
https://apple.com/user/profile,0
http://tinyurl.com/4mu2qij,1
https://chase-password.team-y9w3.tk/password,1
https://www.notion.so/api/v1/status,0
https://www.bbc.co.uk/pricing,0
https://mit.edu/blog/2024/annual-report,0
https://wsj.com/products,0
https://salesforce.com/about,0
https://l5fvw8ou-banking.top/coinbase/banking?id=tgfzu5lymq,1
https://www.linkedin.com/api/v1/status,0
http://bit.ly/1nriflv,1
http://bit.ly/p5xzuy4,1
http://bit.ly/4bcfsrh,1
https://salesforce.com/docs/getting-started,0
https://irs.gov/account/settings,0
https://slack.com/pricing,0
https://shopify.com/api/v1/status,0
https://www.salesforce.com/pricing,0
https://www.nytimes.com,0
https://www.chase.com/docs/getting-started,0
https://twitch.tv/blog/2024/annual-report,0
http://netflix-password.support-tw5l.top/password,1
https://www.reddit.com/account/settings,0
https://python.org,0
https://chase-billing-kcmhm.com/billing.php,1
https://facebook-account.web-m8li.cf/account,1
https://www.reddit.com/about,0
https://microsoft.com/en/help,0
https://google.com/careers,0
http://83.164.138.236/invoice/microsoft/i7yo,1
https://microsoft.com/api/v1/status,0
https://www.twitch.tv/user/profile,0
https://figma.com/pricing,0
https://npr.org/user/profile,0
https://khanacademy.org/docs/getting-started,0
https://www.theguardian.com/pricing,0
https://slack.com/api/v1/status,0
http://tinyurl.com/iuizus1,1
https://mit.edu/pricing,0
http://30.136.194.149/update/coinbase/ounb,1
http://82.179.139.129/account/coinbase/gdw0,1
https://www.mozilla.org/account/settings,0
https://www.khanacademy.org/pricing,0
http://206.21.191.204/wallet/office365/oeuk,1
https://etsy.com/careers,0
https://4pqxv4zt-suspend.top/facebook/suspend?id=co6g01rzbk,1
http://119.142.90.250/password/office365/kxq6,1
https://www.office.com/api/v1/status,0
https://instagram-billing-fhi83.com/billing.php,1
http://bit.ly/lnbbgv0,1
https://instagram-login.portal-1c6u.click/login,1
https://protonmail.com/news/latest,0
http://brt24lyb-unlock.ml/amazon/unlock?id=nl0wugoi40,1
http://bit.ly/y7zdvdz,1
https://amazon-banking-ms1z1.com/banking.php,1
https://www.wsj.com,0
http://143.144.190.52/unlock/chase/n62r,1
https://www.wsj.com/,0
https://twitch.tv/docs/getting-started,0
https://twitch.tv/,0
http://wellsfargo-signin-a7tvc.com/signin.php,1
http://tinyurl.com/nuylqv7,1
http://wellsfargo-recover.id-vwng.ml/recover,1
http://qaexnupr-secure.tk/amazon/secure?id=00b2uyqsrz,1
https://netflix-signin.session-sw69.top/signin,1
http://bit.ly/0qypw47,1
http://tinyurl.com/k24pko8,1
http://coinbase-banking.center-4vvg.tk/banking,1
http://bit.ly/l18yfja,1
https://nytimes.com/pricing,0
https://4c7ax9m1-verify.top/netflix/verify?id=09ms9jy8zk,1
https://coinbase-verify-o206z.com/verify.php,1
https://www.slack.com/careers,0
http://apple-banking-y71l2.com/banking.php,1
http://tinyurl.com/xhtp55z,1
https://notion.so,0
https://khanacademy.org/account/settings,0
https://www.ebay.com/about,0
https://google-suspend.web-bcmd.ga/suspend,1
http://88oat4po-signin.ga/chase/signin?id=eqxryfx4sm,1
http://netflix-invoice.gateway-nadb.xyz/invoice,1
https://irs.gov/news/latest,0
https://www.wellsfargo.com/products,0
https://adobe.com/,0
https://zoom.us,0
https://github.com/api/v1/status,0
https://irs.gov/about,0
https://www.spotify.com/products,0
https://cloudflare.com/account/settings,0
http://tinyurl.com/2jjy0bi,1
http://tinyurl.com/8ffpg3y,1
https://coinbase-update.portal-qrdb.info/update,1
https://atlassian.com/careers,0
https://instagram-billing.auth-kd4j.tk/billing,1
http://facebook-login-f63y9.com/login.php,1
https://twitch.tv/products,0
https://paypal-suspend.gateway-njl1.top/suspend,1
http://chase-unlock.service-ml6f.ga/unlock,1
https://www.docs.python.org/search?q=python+tutorial,0
http://191.10.150.164/unlock/coinbase/2228,1
https://www.khanacademy.org/docs/getting-started,0
https://cloudflare.com/,0
https://protonmail.com/contact-us,0
http://tinyurl.com/x610viw,1
https://8kinzf0h-secure.work/coinbase/secure?id=68c7gaq9ko,1
http://193.138.198.26/update/paypal/1w5b,1
https://reddit.com/contact-us,0
https://www.etsy.com/products,0
http://165.8.234.60/suspend/office365/edaz,1
https://usa.gov/blog/2024/annual-report,0
http://tinyurl.com/jewerqb,1
https://www.paypal.com/search?q=python+tutorial,0
https://www.ebay.com/careers,0
http://r3bkaxy6-password.xyz/facebook/password?id=weum25qlz1,1
http://microsoft-unlock.session-lxej.ml/unlock,1
https://www.stanford.edu/api/v1/status,0
http://instagram-billing.web-sz3p.top/billing,1
https://w2j35n8k-banking.xyz/paypal/banking?id=yqzcf59wfn,1
http://gxp967lr-billing.tk/instagram/billing?id=vi3dvcsdsp,1
http://bit.ly/hok6ct8,1
https://paypal.com/products,0
https://netflix-unlock-2vc2s.com/unlock.php,1
https://u2l6rgot-banking.info/facebook/banking?id=5vd7761suy,1
https://stackoverflow.com/api/v1/status,0
http://150.205.21.60/secure/google/drt9,1
https://salesforce.com/products,0
https://gitlab.com/api/v1/status,0
http://16.72.219.157/confirm/facebook/y5by,1
http://chase-suspend-hihsz.com/suspend.php,1
https://www.linkedin.com/news/latest,0
http://i7ot9nhx-update.ml/wellsfargo/update?id=jcp23hb5cr,1
http://microsoft-banking-pp54b.com/banking.php,1
https://paypal-account-o4vo1.com/account.php,1
http://apple-account-cpefx.com/account.php,1
http://coinbase-secure.support-2e6l.work/secure,1
http://ezybc513-verify.ga/wellsfargo/verify?id=0lacers4mr,1
http://164.176.138.211/invoice/google/lmgo,1
http://wellsfargo-confirm.auth-ugi3.click/confirm,1
https://irs.gov/en/help,0
http://qhy9zaem-secure.gq/netflix/secure?id=q539r60mrd,1
http://bit.ly/6f0bupk,1
https://www.microsoft.com/blog/2024/annual-report,0
http://129.220.128.33/invoice/instagram/cnex,1
https://instagram-password-wsnv6.com/password.php,1
http://7.236.39.124/billing/coinbase/liet,1
https://office.com/blog/2024/annual-report,0
http://241.4.10.217/confirm/netflix/b7g6,1
http://192.191.32.32/secure/apple/pfap,1
https://google-password-bw5yr.com/password.php,1
http://facebook-confirm-3ntsy.com/confirm.php,1
https://paypal-update.gateway-ewzy.tk/update,1
https://netflix-suspend.session-9ruk.click/suspend,1
https://apple-login-ici8s.com/login.php,1
http://microsoft-unlock.team-vpz0.tk/unlock,1
http://bit.ly/h7t7g4o,1
http://krj1925q-billing.ml/netflix/billing?id=h91wlbx3w1,1
https://kz9n6q96-banking.click/amazon/banking?id=20n7bjb4zf,1
http://coinbase-suspend-lpbhz.com/suspend.php,1
https://nytimes.com/products,0
http://213.3.19.127/account/paypal/nyuq,1
http://tinyurl.com/hmqt68p,1
https://notion.so/docs/getting-started,0
http://109.198.119.120/confirm/amazon/jcwe,1
https://coinbase-recover-yggv8.com/recover.php,1
https://notion.so/user/profile,0
https://www.linkedin.com/careers,0
http://office365-suspend-pdhbx.com/suspend.php,1
https://gs37vxah-suspend.click/paypal/suspend?id=en2vov7khb,1
https://wsj.com/account/settings,0
http://152.253.55.152/password/paypal/u295,1
http://tinyurl.com/l18dtc8,1
https://jhf2b86s-invoice.work/instagram/invoice?id=6be8zqt8ik,1
https://www.dropbox.com/careers,0
https://www.adobe.com/,0
https://office.com/products,0
https://stanford.edu/api/v1/status,0
https://salesforce.com/blog/2024/annual-report,0
https://wellsfargo-login-wmgf2.com/login.php,1
https://office.com/contact-us,0
https://digitalocean.com/careers,0
https://microsoft-suspend-lxdx8.com/suspend.php,1
https://g6ib5azy-verify.ga/instagram/verify?id=chd3io4j9j,1
https://6rcbk4oa-account.work/microsoft/account?id=a61zyedhy6,1
https://digitalocean.com/contact-us,0
http://tinyurl.com/d2l6afl,1
http://123.238.3.56/confirm/microsoft/mxc7,1
https://slack.com/docs/getting-started,0
http://bit.ly/bzxourf,1
http://netflix-password.team-qu2w.xyz/password,1
https://www.amazon.com/,0
https://chase-password.online-03ou.ml/password,1
http://111.133.72.148/secure/microsoft/ugws,1
https://bbc.co.uk/account/settings,0
https://office365-suspend-db6n7.com/suspend.php,1
https://microsoft.com/search?q=python+tutorial,0
https://www.pinterest.com,0
https://coinbase-account.app-fw5b.xyz/account,1
https://github.com/products,0
https://spotify.com/account/settings,0
https://google.com/products,0
https://www.mit.edu/careers,0
http://microsoft-recover.user-pkz3.click/recover,1
https://coursera.org/en/help,0
http://dedi2lsc-login.tk/facebook/login?id=uwpsiz4hee,1
https://amazon.com/blog/2024/annual-report,0
https://netflix-unlock.support-jfkl.tk/unlock,1
http://microsoft-banking.auth-7k30.xyz/banking,1
http://microsoft-unlock-g373h.com/unlock.php,1
https://www.pinterest.com/contact-us,0
https://wellsfargo-secure.id-5iol.gq/secure,1
http://203.225.135.88/invoice/apple/ub56,1
https://stanford.edu,0
http://bit.ly/11tbe1n,1
https://4fn5fhjz-invoice.tk/apple/invoice?id=djjhnkh303,1
https://www.atlassian.com/user/profile,0
https://www.cloudflare.com/about,0
http://tinyurl.com/9spegab,1
https://www.stanford.edu/products,0
https://bbc.co.uk/search?q=python+tutorial,0
https://pinterest.com/pricing,0
http://instagram-suspend-lje23.com/suspend.php,1
http://bit.ly/jbd7s6r,1
https://www.wellsfargo.com/docs/getting-started,0
http://tinyurl.com/bnfzm2c,1
https://www.mozilla.org/api/v1/status,0
https://slb2qkz0-suspend.ml/facebook/suspend?id=ys93f7sj8x,1
http://google-signin-9vgyj.com/signin.php,1
https://microsoft.com/account/settings,0
https://www.python.org/blog/2024/annual-report,0
https://khanacademy.org/news/latest,0
http://facebook-invoice-hvi8b.com/invoice.php,1
https://www.ebay.com/products,0
https://facebook-unlock-3g8du.com/unlock.php,1
https://microsoft-account-f6wc4.com/account.php,1
http://f1vbiacc-update.work/microsoft/update?id=jtxooepihu,1
http://up4nm444-login.gq/instagram/login?id=ngly98eji6,1
https://protonmail.com/pricing,0
https://paypal-wallet.id-xs3v.top/wallet,1
https://stanford.edu/search?q=python+tutorial,0
https://slack.com/contact-us,0
https://coinbase-recover.session-x1b8.xyz/recover,1
http://79.154.24.67/billing/paypal/23tr,1
http://is.gd/xcng3lo,1
http://tinyurl.com/tex2wxs,1
http://76.92.107.5/billing/paypal/2utc,1
https://www.atlassian.com/contact-us,0
https://www.mit.edu/,0
https://www.wellsfargo.com/news/latest,0
http://bit.ly/63hxyq4,1
https://www.irs.gov/about,0
https://google.com/about,0
http://tinyurl.com/1yuhilh,1
http://apple-unlock.online-i6uu.cf/unlock,1
https://office365-invoice-yctlj.com/invoice.php,1
https://mozilla.org/about,0
https://chase.com/products,0
http://94.4.112.203/recover/chase/ljln,1
https://quora.com/account/settings,0
http://tinyurl.com/j0zbimw,1
https://www.gitlab.com/account/settings,0
http://office365-secure.session-m4uz.xyz/secure,1
https://jrydjf52-login.click/paypal/login?id=se3qmctnud,1
http://office365-verify-xhgqv.com/verify.php,1
https://www.microsoft.com/about,0
https://apple.com/api/v1/status,0
http://83.80.142.199/password/apple/2n0g,1
http://coinbase-update.app-2ac1.cf/update,1
https://wellsfargo.com/docs/getting-started,0
http://18.159.100.101/recover/apple/kjfm,1
https://chase-unlock-itzpj.com/unlock.php,1
http://google-signin-2nlbu.com/signin.php,1
https://eef9h8k6-update.work/wellsfargo/update?id=f3me1r32jv,1
http://221.207.113.41/password/chase/r21p,1
https://ebay.com/careers,0
https://www.salesforce.com/en/help,0
https://netflix.com/docs/getting-started,0
https://netflix-verify.app-qv6j.work/verify,1
https://office365-recover.center-xz8y.ga/recover,1
https://etsy.com/docs/getting-started,0
https://paypal.com/,0
http://is.gd/6b9vgmn,1
http://google-unlock.gateway-9alm.xyz/unlock,1
https://www.slack.com/products,0
http://jvgsb6tm-wallet.work/chase/wallet?id=lmglosj1z9,1
https://ebay.com/,0
http://apple-invoice-csm1y.com/invoice.php,1
https://chase-secure.gateway-xdyp.work/secure,1
http://45.163.192.216/account/facebook/atr9,1
https://netflix.com/user/profile,0
http://bit.ly/r8149b9,1
http://paypal-confirm.id-vmb5.info/confirm,1
https://shopify.com/user/profile,0
https://3iarrebd-suspend.xyz/paypal/suspend?id=5rgnkrxp9e,1
https://iq3ixqij-signin.work/wellsfargo/signin?id=f68pqu8hla,1
http://138.118.85.25/account/office365/d3ke,1
https://www.npr.org/en/help,0
http://tinyurl.com/5cuzrzh,1
http://apple-signin-86x0z.com/signin.php,1
http://is.gd/xphzd54,1
http://195.231.34.84/signin/office365/1xjc,1
https://wellsfargo.com/en/help,0
https://medium.com/,0
http://chase-secure-38qld.com/secure.php,1
https://www.adobe.com/blog/2024/annual-report,0
https://zoom.us/search?q=python+tutorial,0
https://notion.so/,0
https://www.stackoverflow.com/about,0
https://www.etsy.com/news/latest,0
https://google-account-n047g.com/account.php,1
https://digitalocean.com/account/settings,0
https://facebook-invoice.mobile-nbwy.work/invoice,1
https://mit.edu/news/latest,0
https://www.usa.gov/about,0
https://usa.gov/api/v1/status,0
http://tinyurl.com/4il6fja,1
https://amazon-verify-e9wq8.com/verify.php,1
http://chase-update.app-gywr.ga/update,1
https://nytimes.com/api/v1/status,0
https://notion.so/api/v1/status,0
https://adobe.com/blog/2024/annual-report,0
http://193.243.8.170/recover/amazon/b3j7,1
https://facebook-invoice.session-yzia.ga/invoice,1
https://slack.com/news/latest,0
http://57.69.89.110/unlock/google/vm6y,1
http://iivdftjw-invoice.gq/microsoft/invoice?id=3zk3ajmltt,1
https://5atkvt1h-unlock.cf/wellsfargo/unlock?id=i7svxix4eb,1
http://tinyurl.com/u7cgefb,1
http://tevi6gqs-invoice.xyz/amazon/invoice?id=4903si9clf,1
https://netflix-verify-izhjn.com/verify.php,1
https://google-verify-dnslm.com/verify.php,1
https://wellsfargo-verify-tqdku.com/verify.php,1
http://is.gd/i8zspmb,1
http://211.208.166.49/invoice/facebook/hsdm,1
https://rv19zxkt-login.top/facebook/login?id=cyjihuw14i,1
https://python.org/search?q=python+tutorial,0
https://salesforce.com/news/latest,0
http://iedrdhzq-unlock.tk/netflix/unlock?id=7h97aqql94,1
https://figma.com/en/help,0
https://www.digitalocean.com/api/v1/status,0
http://bit.ly/yxvt09b,1
https://usa.gov/about,0
https://nytimes.com/careers,0
https://npmjs.com,0
https://instagram-signin.service-w6oo.cf/signin,1
http://netflix-billing-8zosk.com/billing.php,1
https://google-confirm.auth-yyb8.info/confirm,1
https://amazon.com/pricing,0
https://www.apple.com/user/profile,0
https://spotify.com/careers,0
http://bit.ly/rlzr5ed,1
https://www.usa.gov/en/help,0
http://234.128.108.67/recover/paypal/j561,1
https://www.irs.gov,0
https://linkedin.com/news/latest,0
http://6nqn3qch-unlock.gq/office365/unlock?id=7l4i3uxycu,1
https://chase.com/pricing,0
https://figma.com/news/latest,0
https://theguardian.com/api/v1/status,0
https://cloudflare.com/api/v1/status,0
https://instagram-banking-zs8ss.com/banking.php,1
https://digitalocean.com/en/help,0
http://221.78.67.18/secure/google/64sa,1
http://6g9zxxb5-banking.ml/coinbase/banking?id=7qy9ubu5sq,1
http://65.99.27.230/wallet/microsoft/jb1h,1
https://ewknfbjk-banking.ml/facebook/banking?id=wbftm4r6md,1
https://ebay.com,0
https://amazon.com/en/help,0
https://netflix-password-r88ia.com/password.php,1
https://mozilla.org/products,0
https://chase-recover-6x0o5.com/recover.php,1
http://chase-recover.gateway-tn67.gq/recover,1
https://wsj.com/docs/getting-started,0
https://www.protonmail.com/about,0
http://is.gd/xks2rz1,1
https://salesforce.com/account/settings,0
http://bit.ly/yq0nllx,1
https://www.linkedin.com/search?q=python+tutorial,0
https://dropbox.com/account/settings,0
https://www.outlook.com/blog/2024/annual-report,0
https://amazon.com/about,0
http://162.180.80.188/verify/netflix/bgog,1
http://tinyurl.com/plzyn4a,1
https://khanacademy.org/contact-us,0
http://94.13.228.154/verify/paypal/xq1v,1
https://nytimes.com/user/profile,0
http://is.gd/hww8sf5,1
https://wikipedia.org/contact-us,0
https://www.python.org/,0
http://201.45.11.66/wallet/apple/6ct5,1
https://google.com/contact-us,0
https://instagram-secure.support-f3ll.info/secure,1
https://spotify.com/products,0
https://www.wsj.com/about,0
http://byow59bo-billing.work/coinbase/billing?id=39hjgo2qpz,1
https://www.figma.com/,0
https://wikipedia.org,0
https://www.python.org/contact-us,0
http://is.gd/dqh75l2,1
http://62.176.47.6/secure/coinbase/gqae,1
http://bit.ly/gfvpax5,1
http://50.69.45.191/billing/facebook/dwp1,1
http://197.165.136.152/invoice/wellsfargo/ia1s,1
https://dropbox.com/news/latest,0
https://amazon.com/contact-us,0
http://tx3doqn6-suspend.gq/office365/suspend?id=btanlvn5yu,1
https://8h7d4772-password.click/instagram/password?id=urmspvpxo3,1
https://www.etsy.com/about,0
https://medium.com/account/settings,0
https://facebook-suspend.user-cjgo.ga/suspend,1
https://wellsfargo.com/,0
https://zkcp6x89-wallet.cf/paypal/wallet?id=zrb288ajzu,1
https://google-login.mobile-3hqc.info/login,1
http://chase-secure-82t0d.com/secure.php,1
http://is.gd/cfmoorr,1
https://nytimes.com/docs/getting-started,0
https://www.amazon.com/user/profile,0
https://github.com/,0
https://rx3yr5v3-confirm.tk/wellsfargo/confirm?id=zrvmxp1x4r,1
https://www.stackoverflow.com,0
https://www.salesforce.com/contact-us,0
https://microsoft-signin-jyzix.com/signin.php,1
https://amazon.com/news/latest,0
https://stackoverflow.com/docs/getting-started,0
https://www.medium.com/docs/getting-started,0
https://chase-recover-koybj.com/recover.php,1
http://google-suspend-b1lw8.com/suspend.php,1
http://is.gd/kmmi7jo,1
http://is.gd/lxhkb5n,1
https://shopify.com,0
http://242.250.76.160/invoice/chase/bkxc,1
https://medium.com/user/profile,0
https://www.python.org/api/v1/status,0
https://wsj.com/contact-us,0
http://97.77.96.7/password/google/u5mb,1
http://is.gd/mq70k8v,1
https://www.bbc.co.uk/careers,0
http://181.2.161.86/unlock/apple/8u1f,1
https://mit.edu/user/profile,0
http://microsoft-invoice.online-ebtg.click/invoice,1
http://144.139.165.169/unlock/facebook/mejg,1
https://coinbase-suspend.id-yleg.ga/suspend,1
https://www.digitalocean.com/products,0
https://microsoft-unlock-bit3a.com/unlock.php,1
http://74k0cbhn-invoice.tk/wellsfargo/invoice?id=1xhdorstqi,1
https://google-secure-l2144.com/secure.php,1
http://bit.ly/wl40eib,1
https://www.paypal.com/,0
https://cloudflare.com/pricing,0
https://wellsfargo.com/blog/2024/annual-report,0
https://www.amazon.com/blog/2024/annual-report,0
https://shopify.com/,0
https://p0ig6qux-account.top/chase/account?id=dy5adbtit7,1
http://instagram-update-z0srp.com/update.php,1
https://npr.org/,0
http://is.gd/2b0znld,1
https://usa.gov/pricing,0
http://34.39.8.208/password/microsoft/gixz,1
http://140.139.245.233/billing/facebook/az39,1
https://npr.org/account/settings,0
http://160.83.8.201/wallet/chase/bvb4,1
http://is.gd/tfuvqud,1
http://117.167.225.171/billing/apple/t7gj,1
https://www.bbc.co.uk/account/settings,0
http://microsoft-account-c1ur8.com/account.php,1
https://netflix.com/pricing,0
http://paypal-verify.team-5o1r.info/verify,1
https://www.usa.gov/careers,0
https://quora.com/about,0
https://atlassian.com/docs/getting-started,0
http://amazon-secure-i7yvr.com/secure.php,1
http://cz7u1tiv-billing.info/google/billing?id=3d09aj1mpe,1
https://bbc.co.uk/pricing,0
https://ebay.com/user/profile,0
https://netflix-invoice.service-kle1.click/invoice,1
https://paypal-invoice.user-nv8t.ml/invoice,1
https://gitlab.com/about,0
https://coursera.org/products,0
https://reddit.com/user/profile,0
https://www.khanacademy.org/products,0
https://chase-unlock-bfekj.com/unlock.php,1
https://www.salesforce.com/account/settings,0
https://chase.com/careers,0
http://facebook-recover.gateway-zhd8.info/recover,1
http://xjeykznn-recover.info/chase/recover?id=uwzrpsoy4b,1
https://pinterest.com/careers,0
http://office365-secure-ep2rv.com/secure.php,1
http://is.gd/rsint5e,1
http://tinyurl.com/s86pyb5,1
http://177.10.29.13/login/netflix/89v4,1
http://tinyurl.com/61t3cpu,1
https://zoom.us/user/profile,0
https://nytimes.com/news/latest,0
https://slack.com/careers,0
https://twitch.tv/account/settings,0
https://etsy.com/blog/2024/annual-report,0
https://docs.python.org,0
https://qk6g5osc-secure.ml/amazon/secure?id=zvk42w6tsz,1
https://mozilla.org/pricing,0
https://www.npmjs.com/,0
https://spotify.com/pricing,0
https://stackoverflow.com/,0
https://digitalocean.com/,0
https://www.paypal.com/products,0
https://mit.edu/,0
https://salesforce.com/api/v1/status,0
https://wikipedia.org/user/profile,0
https://apple.com/products,0
http://88.42.205.103/banking/instagram/plhh,1
https://atlassian.com/contact-us,0
http://tinyurl.com/bopcrhy,1
http://is.gd/4ninzsq,1
https://reddit.com/account/settings,0
https://www.netflix.com/careers,0
http://188.222.119.86/secure/google/zw7z,1
https://google-account.app-44cy.ga/account,1
https://atlassian.com/news/latest,0
http://bit.ly/isavjd7,1
https://stackoverflow.com/about,0
http://office365-secure-nt6ac.com/secure.php,1
https://bbc.co.uk/contact-us,0
http://office365-unlock.mobile-0cwp.tk/unlock,1
https://ijesvup4-secure.ml/google/secure?id=10h9tn4cxk,1
https://www.nytimes.com/api/v1/status,0
https://www.reddit.com,0
http://bit.ly/9a93t5q,1
http://google-recover-nllbl.com/recover.php,1
http://rfzi1rlk-unlock.click/coinbase/unlock?id=j4v6e2dqxr,1
https://twitch.tv/news/latest,0
https://www.office.com/docs/getting-started,0
https://irs.gov/contact-us,0
http://tg1eauoc-account.tk/google/account?id=jgxey4x9ys,1
http://147.86.237.215/login/netflix/t6fv,1
http://176.175.235.84/secure/chase/l8v4,1
http://qsuak6za-confirm.gq/google/confirm?id=ukhckzi3cz,1
https://www.ebay.com/account/settings,0
https://slack.com/en/help,0
http://tinyurl.com/tt0bbsu,1
http://kaonfjjk-invoice.info/coinbase/invoice?id=4auedi6214,1
https://office365-update-qom9v.com/update.php,1
https://python.org/,0
https://ebay.com/docs/getting-started,0
https://stackoverflow.com/pricing,0
http://193.38.160.83/invoice/instagram/f753,1
http://bit.ly/fu4gf5h,1
https://www.protonmail.com/search?q=python+tutorial,0
https://www.paypal.com/en/help,0
https://www.mozilla.org/pricing,0
https://office365-update-vgcew.com/update.php,1
http://bit.ly/48gcxbj,1
https://www.cloudflare.com/pricing,0
https://etsy.com/en/help,0
https://netflix-invoice.support-ne9y.cf/invoice,1
http://paypal-verify-39rrb.com/verify.php,1
http://tinyurl.com/to2mr4y,1
https://stanford.edu/user/profile,0
https://www.theguardian.com/search?q=python+tutorial,0
https://www.twitch.tv/contact-us,0
https://microsoft-wallet.service-e38r.xyz/wallet,1
https://microsoft.com/,0
http://amazon-recover-tdysl.com/recover.php,1
http://237.213.233.68/invoice/paypal/nbv1,1
https://linkedin.com/careers,0
http://bit.ly/spx01cv,1
https://google-signin-yevpr.com/signin.php,1
http://amazon-secure-hemlu.com/secure.php,1
https://microsoft-recover.support-cg1r.top/recover,1
https://paypal-recover-lqc62.com/recover.php,1
https://npr.org/products,0
http://coinbase-password-otvge.com/password.php,1
http://qtenput2-banking.ga/paypal/banking?id=qdyqxngu3d,1
http://r8lvxrql-login.ml/paypal/login?id=7z3zmiwslp,1
https://d5n89shp-confirm.tk/instagram/confirm?id=y9vl8ma1fv,1
https://shopify.com/pricing,0
https://medium.com,0
http://tinyurl.com/wo1q6f8,1
https://chase.com/contact-us,0
https://etsy.com/api/v1/status,0
https://1mismx89-confirm.gq/coinbase/confirm?id=un37lhspnv,1
https://www.reddit.com/,0
https://www.docs.python.org/,0
https://www.bbc.co.uk/user/profile,0
https://amazon.com/api/v1/status,0
http://bit.ly/0lpuyax,1
https://microsoft-update-5jtgv.com/update.php,1
https://www.mit.edu/en/help,0
https://python.org/account/settings,0
https://www.atlassian.com/news/latest,0
http://google-verify-t4dgj.com/verify.php,1
https://khanacademy.org/blog/2024/annual-report,0
https://docs.python.org/api/v1/status,0
https://outlook.com/api/v1/status,0
https://github.com/pricing,0
https://python.org/careers,0
https://wikipedia.org/docs/getting-started,0
https://www.mozilla.org/news/latest,0
https://stanford.edu/contact-us,0
https://www.twitch.tv/pricing,0
http://facebook-recover.auth-fjte.info/recover,1
http://3rfe08a1-password.xyz/coinbase/password?id=hyhk4zzia9,1
https://microsoft-billing.web-k196.info/billing,1
http://bit.ly/xelitzj,1
https://www.quora.com/api/v1/status,0
https://mf95mi7c-verify.ml/amazon/verify?id=44ghocylfe,1
http://229.112.225.235/wallet/coinbase/ib9x,1
http://office365-account.session-yias.ga/account,1
https://office.com/en/help,0
https://t4b2an9x-login.top/office365/login?id=dpycvuk6ti,1
http://194.184.34.95/login/microsoft/71ng,1
https://wellsfargo-unlock-xohlz.com/unlock.php,1
https://carfc9r2-banking.work/apple/banking?id=hoxghpwbum,1
http://203.122.12.93/verify/chase/uqel,1
https://medium.com/search?q=python+tutorial,0
https://chase-billing-naekc.com/billing.php,1
https://docs.python.org/products,0
https://reddit.com/search?q=python+tutorial,0
http://tinyurl.com/fu68b3a,1
https://wellsfargo.com/about,0
http://tu4i4gr2-invoice.work/microsoft/invoice?id=iqyocf8yql,1
http://tinyurl.com/02up1hl,1
https://apple.com/account/settings,0
https://www.stanford.edu/news/latest,0
http://98.132.251.186/secure/paypal/fvt1,1
http://tinyurl.com/vkul5te,1
https://apple-recover.mobile-laj3.cf/recover,1
https://www.amazon.com/api/v1/status,0
https://microsoft-verify-cboed.com/verify.php,1
https://protonmail.com/user/profile,0
https://google.com/docs/getting-started,0
https://instagram-suspend.session-ow9o.info/suspend,1
http://is.gd/s5b09ec,1
https://www.gitlab.com/about,0
https://shopify.com/account/settings,0
https://www.github.com/pricing,0
https://irs.gov/api/v1/status,0
https://ey5jlhbq-password.tk/chase/password?id=ur0h5hk9e4,1
https://coinbase-unlock.support-qpaj.click/unlock,1
https://www.wikipedia.org/search?q=python+tutorial,0
http://116.254.173.7/signin/facebook/09on,1
http://chase-login.online-yhoc.work/login,1
https://npmjs.com/pricing,0
https://www.figma.com/contact-us,0
http://wellsfargo-recover-zk0zm.com/recover.php,1
http://coinbase-verify-0haqs.com/verify.php,1
http://chase-login-5hjzg.com/login.php,1
https://paypal-recover-2099m.com/recover.php,1
http://114.154.73.101/invoice/paypal/kd2i,1
http://chase-recover-nn12y.com/recover.php,1
https://office365-unlock-enrsq.com/unlock.php,1
https://www.wikipedia.org/en/help,0
http://coinbase-signin.id-9o7o.ga/signin,1
http://245.245.67.148/suspend/facebook/99vu,1
https://www.chase.com/blog/2024/annual-report,0
https://apple-secure-d2oic.com/secure.php,1
https://atlassian.com/pricing,0
https://python.org/news/latest,0
https://irs.gov/search?q=python+tutorial,0
https://www.dropbox.com/api/v1/status,0
https://coursera.org/blog/2024/annual-report,0
http://apple-account-7quhz.com/account.php,1
http://google-banking-7pi4b.com/banking.php,1
https://stackoverflow.com/careers,0
https://zoom.us/news/latest,0
http://194.148.196.170/account/paypal/lcjv,1
https://amazon-confirm-c5c5u.com/confirm.php,1
http://tinyurl.com/w328kcv,1
http://aswniofy-unlock.ga/facebook/unlock?id=338esvys2s,1
https://amazon-password.id-c21z.gq/password,1
https://www.quora.com/user/profile,0
http://145.239.119.23/banking/google/hflf,1
https://8j18085z-invoice.ml/coinbase/invoice?id=tagh7uq98d,1
https://stanford.edu/careers,0
http://tinyurl.com/onziqy1,1
http://instagram-recover.session-t8lu.tk/recover,1
http://amazon-invoice.app-3qww.top/invoice,1
http://microsoft-secure.team-q1tn.work/secure,1
http://bit.ly/u94yt5s,1
https://khanacademy.org/pricing,0
http://facebook-signin-3akh0.com/signin.php,1
https://www.theguardian.com/api/v1/status,0
https://microsoft-update.gateway-zev7.cf/update,1
https://quora.com/user/profile,0
https://paypal.com/contact-us,0
http://bit.ly/k4eud1z,1
https://microsoft.com/docs/getting-started,0
http://is.gd/slcr1e4,1
https://adobe.com/en/help,0
http://wellsfargo-login-qksq0.com/login.php,1
https://usa.gov/docs/getting-started,0
http://facebook-verify.app-9wf4.info/verify,1
http://bit.ly/8lr8qw7,1
https://www.khanacademy.org,0
http://198.238.156.55/secure/netflix/146x,1
http://tinyurl.com/qkf8j84,1
https://ruxgu688-banking.cf/chase/banking?id=zoz53s2klz,1
https://5ahzmqil-suspend.top/google/suspend?id=hpicopcezi,1
https://chase-password-j2c6m.com/password.php,1
https://khanacademy.org/,0
http://netflix-billing-iup8i.com/billing.php,1
https://www.pinterest.com/,0
https://gitlab.com/careers,0
https://linkedin.com/docs/getting-started,0
https://www.wikipedia.org/careers,0
https://www.twitch.tv/search?q=python+tutorial,0
https://wikipedia.org/account/settings,0
https://medium.com/contact-us,0
https://twitch.tv/en/help,0
https://wikipedia.org/careers,0
http://tinyurl.com/jt27sh3,1
https://www.coursera.org/docs/getting-started,0
https://protonmail.com/blog/2024/annual-report,0
http://pt9a72mv-update.tk/amazon/update?id=tp497i0cno,1
http://53.147.164.157/suspend/google/acyn,1
http://206.207.4.42/suspend/coinbase/ui6y,1
http://141.182.1.240/update/microsoft/w9k0,1
https://stackoverflow.com/en/help,0
https://gjbgvd3f-unlock.xyz/google/unlock?id=m6c02gpd3o,1
https://google-signin.session-bjvs.click/signin,1
https://www.notion.so/docs/getting-started,0
http://is.gd/8oiebkf,1
https://microsoft.com/products,0
https://www.linkedin.com/pricing,0
http://yn8bkfr5-banking.cf/facebook/banking?id=hgp0op3klo,1
https://chase-wallet.gateway-da1k.xyz/wallet,1
http://office365-unlock-qvcjw.com/unlock.php,1
https://quora.com/products,0
https://netflix-password.service-vlst.xyz/password,1
http://46.119.121.169/invoice/google/y7x4,1
https://paypal-invoice-9o2tr.com/invoice.php,1
http://tinyurl.com/atf9axi,1
http://bit.ly/65rml0c,1
http://16.45.12.205/invoice/microsoft/vd88,1
http://is.gd/ulakq0f,1
https://microsoft-invoice-0orl2.com/invoice.php,1
http://chase-signin-brjgs.com/signin.php,1
https://wsj.com/search?q=python+tutorial,0
http://bit.ly/akekm5j,1
https://notion.so/careers,0
https://gitlab.com/,0
https://chase-password.session-9fjc.tk/password,1
http://apple-banking-511gq.com/banking.php,1
http://is.gd/1kkrsxh,1
https://netflix.com/search?q=python+tutorial,0
http://is.gd/sjtkxn0,1
http://209.40.209.113/wallet/paypal/8ebx,1
https://gitlab.com/contact-us,0
https://o20oi8p0-invoice.xyz/google/invoice?id=iqsvuhf006,1
https://o6fh9b9h-update.gq/facebook/update?id=9yww7nssvz,1
http://209.173.193.228/banking/wellsfargo/580x,1
https://paypal-invoice-c6see.com/invoice.php,1
https://www.linkedin.com,0
https://apple.com/docs/getting-started,0
https://github.com/search?q=python+tutorial,0
http://131.1.89.89/password/paypal/8fgu,1
http://bit.ly/7164d0b,1
https://coursera.org/about,0
http://57.50.32.136/signin/apple/n0fe,1
https://shopify.com/news/latest,0
http://k154ofli-signin.cf/instagram/signin?id=2yb3v78480,1
https://linkedin.com/contact-us,0
http://224.113.18.216/suspend/coinbase/p7s9,1
http://33.223.9.214/suspend/instagram/1bke,1
https://www.reddit.com/user/profile,0
http://slhj1jle-suspend.ga/chase/suspend?id=mlbtecskq8,1
http://tinyurl.com/p5z11c7,1
https://www.wsj.com/account/settings,0
http://chase-recover-ylh9m.com/recover.php,1
http://109.145.101.196/banking/office365/0azd,1
https://google-unlock-4q6h3.com/unlock.php,1
https://www.theguardian.com/docs/getting-started,0
https://coinbase-wallet.web-x6k1.top/wallet,1
http://tinyurl.com/obzo2x4,1
http://186.166.202.32/signin/apple/xu0y,1
http://bit.ly/enjq1w6,1
http://bit.ly/gdvr8x2,1
https://chase-password-xyzt2.com/password.php,1
https://amazon-update-bt675.com/update.php,1
https://medium.com/docs/getting-started,0
https://hsdq8mpk-update.ga/google/update?id=0htutnd20o,1
http://chase-update-us79v.com/update.php,1
https://salesforce.com/careers,0
https://google.com/pricing,0
https://npr.org,0
http://m2jdruez-recover.ga/coinbase/recover?id=5z2azm0oi7,1
https://pinterest.com/,0
https://wikipedia.org/news/latest,0
https://npr.org/news/latest,0
http://netflix-confirm-zoov7.com/confirm.php,1
http://netflix-recover-163qr.com/recover.php,1
https://www.medium.com/news/latest,0
http://j2og6z9n-banking.info/wellsfargo/banking?id=cifv9xtkoo,1
https://etsy.com/user/profile,0
https://www.docs.python.org/blog/2024/annual-report,0
https://medium.com/careers,0
https://www.medium.com/user/profile,0
http://152.174.60.46/invoice/instagram/dvxp,1
https://www.reddit.com/docs/getting-started,0
https://www.salesforce.com,0
http://148.26.50.59/update/instagram/lxl7,1
https://bbc.co.uk/,0
http://132.209.158.187/password/office365/31d3,1
https://paypal-account-prcfx.com/account.php,1
https://atlassian.com/,0
http://78.42.109.254/wallet/apple/ronw,1
https://www.docs.python.org/pricing,0
http://tinyurl.com/rmb199h,1
http://xz8iaf4x-confirm.ga/facebook/confirm?id=pa200g71v4,1
http://77fhqhza-password.tk/google/password?id=bfyjpi5m38,1
https://www.microsoft.com/api/v1/status,0
https://www.figma.com/news/latest,0
https://coinbase-signin.gateway-p093.tk/signin,1
http://bit.ly/rbxyyv3,1
https://www.ebay.com/docs/getting-started,0
https://usa.gov/contact-us,0
http://wellsfargo-secure-pjgsx.com/secure.php,1
http://instagram-secure-wag8l.com/secure.php,1
https://irs.gov/blog/2024/annual-report,0
https://www.figma.com/en/help,0
https://python.org/api/v1/status,0
https://pinterest.com/user/profile,0
http://bit.ly/jcpkzua,1
https://www.notion.so/products,0
http://is.gd/lasx4ow,1
https://www.adobe.com/about,0
http://microsoft-invoice.online-yb2n.info/invoice,1
http://kws8xoyi-signin.work/amazon/signin?id=09cr3lm71r,1
https://h9j0uno3-invoice.ga/instagram/invoice?id=f3a81tqkzs,1
https://bbc.co.uk/careers,0
http://chase-banking.app-tvyx.top/banking,1
https://www.stackoverflow.com/docs/getting-started,0
http://is.gd/hf8soff,1
https://slack.com/about,0
https://netflix.com/careers,0
https://theguardian.com/news/latest,0
https://reddit.com,0
https://a1h2m3aq-password.info/apple/password?id=0r5lv646st,1
https://www.ebay.com/user/profile,0
https://zoom.us/docs/getting-started,0
http://211.100.75.243/verify/amazon/ykwx,1
https://www.wsj.com/news/latest,0
http://vuor1a2t-password.work/instagram/password?id=ib2r4j01te,1
https://microsoft.com/contact-us,0
http://sxfx348k-signin.cf/office365/signin?id=xx98juw0lz,1
http://29.185.85.88/signin/google/pzgu,1
https://www.zoom.us/news/latest,0
http://229.247.143.174/recover/coinbase/9lf5,1
http://is.gd/a5n0vgf,1
https://n2t8tvo6-confirm.ga/wellsfargo/confirm?id=0j8uadwhee,1
https://yyr91150-secure.tk/amazon/secure?id=du1qkatu1x,1
https://cloudflare.com/careers,0
https://instagram-recover-1wiz9.com/recover.php,1
http://z2n3q82h-signin.xyz/wellsfargo/signin?id=r6vvlqv593,1
https://pinterest.com/products,0
https://google.com,0
https://quora.com/careers,0
https://chase-account-gst89.com/account.php,1
https://coinbase-suspend.support-c37p.xyz/suspend,1
http://bit.ly/358wyhm,1
https://outlook.com/account/settings,0
http://128.79.123.231/unlock/wellsfargo/yt8s,1
http://pd68ep89-billing.cf/microsoft/billing?id=fv78fqqv9i,1
https://8fgzasfb-login.ml/apple/login?id=dtkcj7900h,1
http://wellsfargo-update.online-ibtf.ga/update,1
http://wellsfargo-suspend-leakf.com/suspend.php,1
http://ya8vt8f9-signin.work/office365/signin?id=14qypcdb6r,1
http://tinyurl.com/u0mm3ah,1
https://pinterest.com/contact-us,0
https://23bjkw10-update.gq/netflix/update?id=bs95py8iyh,1
http://netflix-invoice-mwtmv.com/invoice.php,1
http://instagram-secure.gateway-yv45.work/secure,1
https://netflix-signin.user-hi8e.cf/signin,1
https://cloudflare.com/contact-us,0
https://khanacademy.org/search?q=python+tutorial,0
https://www.protonmail.com/news/latest,0
https://www.adobe.com/news/latest,0
http://facebook-suspend-qbz78.com/suspend.php,1
http://aavej3vg-unlock.ml/apple/unlock?id=hdimflffa1,1
https://nytimes.com/contact-us,0
http://tinyurl.com/yck7nhb,1
https://nytimes.com/about,0
http://is.gd/h57wkjh,1
http://84.251.199.188/signin/google/0jjt,1
https://notion.so/blog/2024/annual-report,0
https://chase-password-nmpmk.com/password.php,1
http://136.39.104.97/banking/google/hp0j,1
https://www.slack.com/account/settings,0
http://google-invoice.web-j35k.info/invoice,1
https://amazon.com/account/settings,0
https://reddit.com/news/latest,0
https://www.adobe.com/user/profile,0
http://110.202.32.27/suspend/chase/jqhk,1
https://www.figma.com/search?q=python+tutorial,0
http://apple-wallet.portal-r8ok.click/wallet,1
http://f6d4r09i-invoice.xyz/amazon/invoice?id=mut0ugcamb,1
http://dhjp5zme-banking.work/chase/banking?id=43txrkeayl,1
https://pinterest.com,0
https://digitalocean.com,0
http://is.gd/rqctx68,1
https://www.stanford.edu/contact-us,0
https://google-password-0v8y4.com/password.php,1
https://linkedin.com/api/v1/status,0
http://188.151.109.247/invoice/office365/xusl,1
https://apple.com/news/latest,0
http://bit.ly/7fyqqe0,1
http://is.gd/o46dg6g,1
https://medium.com/en/help,0
http://tinyurl.com/9xl4owz,1
https://www.spotify.com/blog/2024/annual-report,0
https://www.outlook.com/about,0
https://mozilla.org/,0
https://cloudflare.com/docs/getting-started,0
https://www.coursera.org/api/v1/status,0
http://bit.ly/h215qfi,1
https://czgv6er9-suspend.cf/apple/suspend?id=88fd27ppql,1
http://bit.ly/at44qiu,1
http://tinyurl.com/jb0fzw8,1
https://www.pinterest.com/docs/getting-started,0
http://microsoft-login-wecjx.com/login.php,1
http://bit.ly/zjf6zxx,1
https://protonmail.com/search?q=python+tutorial,0
https://netflix.com/en/help,0
https://www.zoom.us/products,0
https://adobe.com/account/settings,0
https://microsoft-account.session-pj9x.cf/account,1
http://196.237.34.55/banking/instagram/bqej,1
https://etsy.com/search?q=python+tutorial,0
https://www.wellsfargo.com/contact-us,0
https://microsoft-login.center-gnna.ga/login,1
https://etsy.com/products,0
https://npmjs.com/about,0
http://apple-unlock-3tzx1.com/unlock.php,1
https://www.microsoft.com,0
https://notion.so/contact-us,0
http://google-signin-kp0xo.com/signin.php,1
https://www.usa.gov/news/latest,0
https://www.twitch.tv/news/latest,0
https://rz0jmio1-signin.cf/wellsfargo/signin?id=cyz370seix,1
https://spotify.com/docs/getting-started,0
http://is.gd/ys8317q,1
https://wsj.com/news/latest,0
http://coinbase-signin-jbu90.com/signin.php,1
https://stackoverflow.com/products,0
http://wellsfargo-invoice-evotn.com/invoice.php,1
https://apple.com/,0
http://wellsfargo-secure.service-9zn4.xyz/secure,1
https://chase-signin-0ywzj.com/signin.php,1
https://www.shopify.com/search?q=python+tutorial,0
http://5qxb2a68-update.xyz/coinbase/update?id=1ta05x0bkc,1
https://apple.com/search?q=python+tutorial,0
https://www.pinterest.com/news/latest,0
https://amazon-login-y9jhj.com/login.php,1
https://www.stackoverflow.com/careers,0
https://docs.python.org/contact-us,0
https://www.medium.com/,0
https://pinterest.com/news/latest,0
http://113.124.212.186/billing/office365/dszc,1
https://microsoft-confirm-06sn1.com/confirm.php,1
http://chase-recover-jyfeo.com/recover.php,1
https://protonmail.com/products,0
https://npmjs.com/products,0
http://218.246.50.233/unlock/coinbase/ma8m,1
http://apple-suspend-k6bgs.com/suspend.php,1
https://amazon-secure.web-nhb4.gq/secure,1
https://khanacademy.org/user/profile,0
https://gitlab.com/blog/2024/annual-report,0
http://rx7qgr7t-wallet.ga/instagram/wallet?id=zbegpsqp97,1
https://spotify.com/,0
https://pu8q97sb-billing.ml/apple/billing?id=ieux2nlu3o,1
http://office365-password.portal-fi1w.cf/password,1
https://slack.com/user/profile,0
https://netflix.com/products,0
https://stackoverflow.com/user/profile,0
https://www.google.com/products,0
http://t78m2f3a-wallet.ml/facebook/wallet?id=v7tqvgrn15,1
http://122.52.148.108/banking/paypal/fu21,1
https://microsoft-wallet-gge3x.com/wallet.php,1
http://mzkkku74-secure.xyz/coinbase/secure?id=0roq4txjtv,1
https://mozilla.org/search?q=python+tutorial,0
https://amazon-password.portal-p5jg.click/password,1
https://www.atlassian.com/docs/getting-started,0
https://www.apple.com/pricing,0
https://usa.gov/user/profile,0
https://amazon-update.team-9ocx.click/update,1
https://www.usa.gov/,0
https://microsoft-signin-i3nld.com/signin.php,1
https://coinbase-wallet.portal-zknl.click/wallet,1
https://www.reddit.com/blog/2024/annual-report,0
http://bit.ly/c2kkfgn,1
http://chase-signin-arrfp.com/signin.php,1
https://www.docs.python.org/docs/getting-started,0
http://is.gd/0jaix6k,1
https://apple.com/pricing,0
https://www.nytimes.com/careers,0
https://coursera.org/account/settings,0
https://www.zoom.us/account/settings,0
https://www.notion.so/contact-us,0
https://www.shopify.com,0
https://www.zoom.us/user/profile,0
https://protonmail.com/careers,0
http://facebook-billing-21l2r.com/billing.php,1
https://facebook-banking.auth-4n87.click/banking,1
https://mit.edu/api/v1/status,0
https://www.office.com,0
http://232.35.5.200/signin/microsoft/p5yo,1
http://fp58frva-banking.top/instagram/banking?id=bkg23dxuj9,1
https://www.chase.com/pricing,0
https://ymrjxd4p-update.ml/office365/update?id=oauw49jru5,1
https://www.docs.python.org,0
https://stackoverflow.com/news/latest,0
https://dropbox.com/en/help,0
https://7gk6mh9b-password.work/facebook/password?id=do110bkada,1
http://bit.ly/h55du0y,1
http://chase-signin-g42eu.com/signin.php,1
https://zoom.us/products,0
https://www.digitalocean.com/docs/getting-started,0
http://tinyurl.com/kacpzm6,1
http://cnb09og2-unlock.ml/paypal/unlock?id=zrf5k17c8a,1
https://www.notion.so/,0
https://netflix.com/contact-us,0
https://gitlab.com/products,0
https://www.shopify.com/,0
https://www.irs.gov/account/settings,0
https://microsoft-signin.session-xk4o.tk/signin,1
https://amazon-recover-55zw8.com/recover.php,1
https://quora.com/news/latest,0
https://dropbox.com/api/v1/status,0
http://netflix-suspend-mdm3t.com/suspend.php,1
https://www.khanacademy.org/search?q=python+tutorial,0
http://221.233.47.83/update/amazon/a8sl,1
https://npr.org/docs/getting-started,0
http://is.gd/xw72kcy,1
https://docs.python.org/,0
https://www.coursera.org/,0
https://coursera.org/news/latest,0
https://npmjs.com/,0
https://netflix-suspend.center-xver.ga/suspend,1
https://www.etsy.com/account/settings,0
https://linkedin.com/blog/2024/annual-report,0
http://175.65.213.27/account/paypal/z48g,1
http://254.210.225.222/account/netflix/88c2,1
https://dropbox.com/careers,0
https://www.microsoft.com/,0
https://www.netflix.com/user/profile,0
https://nytimes.com,0
https://linkedin.com/products,0
http://amazon-update.session-q4ys.info/update,1
https://www.github.com/docs/getting-started,0
http://bit.ly/d9bdo4c,1
https://google-confirm.gateway-iasv.top/confirm,1
http://zuqdkw9u-billing.cf/paypal/billing?id=gooi3k5l8f,1
http://bit.ly/mf7na1e,1
https://netflix-password-tkt42.com/password.php,1
http://tinyurl.com/z5rgpa5,1
https://www.wikipedia.org/products,0
https://www.notion.so/user/profile,0
https://www.chase.com/about,0
https://chase.com/about,0
http://paypal-account-6eh44.com/account.php,1
https://www.npr.org/search?q=python+tutorial,0
https://www.spotify.com/account/settings,0
https://www.gitlab.com,0
http://apple-suspend-cr9rf.com/suspend.php,1
http://205.125.114.61/suspend/netflix/gkng,1
https://mozilla.org/en/help,0
http://is.gd/oehhk5e,1
https://qm6r7b5u-confirm.ga/facebook/confirm?id=kdptq21vcr,1
https://www.bbc.co.uk/,0
https://linkedin.com/account/settings,0
http://instagram-signin.gateway-w90d.click/signin,1
http://microsoft-billing-he078.com/billing.php,1
https://wnx6wlp8-billing.work/instagram/billing?id=zdcmbrtpyf,1
https://stanford.edu/en/help,0
http://bit.ly/tcbn9ua,1
https://usa.gov/account/settings,0
http://wellsfargo-suspend-74ubz.com/suspend.php,1
https://shopify.com/blog/2024/annual-report,0
https://www.bbc.co.uk/blog/2024/annual-report,0
https://npmjs.com/search?q=python+tutorial,0
http://tinyurl.com/h9pmu5q,1
https://chase-suspend-zvk3k.com/suspend.php,1
http://facebook-billing.app-de15.gq/billing,1
http://tinyurl.com/mcyr1l3,1
https://www.usa.gov/api/v1/status,0
https://mit.edu/careers,0
http://is.gd/y001eai,1
https://microsoft-recover.session-kd2v.gq/recover,1
https://netflix-verify-a0hr2.com/verify.php,1
http://144.183.84.179/recover/office365/soj7,1
https://9ci1akqr-wallet.tk/amazon/wallet?id=jcofw7iv7r,1
https://amazon-login.center-lf2k.ga/login,1
http://gkiib25x-account.info/wellsfargo/account?id=1b7x8g04cr,1
http://250.196.154.22/password/apple/jiza,1
https://theguardian.com/pricing,0
https://google-secure-ausp2.com/secure.php,1
http://231.134.249.108/confirm/paypal/43ui,1
http://248.222.249.130/confirm/wellsfargo/lz6m,1
http://google-recover-3ripx.com/recover.php,1
https://www.shopify.com/account/settings,0
https://www.coursera.org/contact-us,0
https://stanford.edu/blog/2024/annual-report,0
https://cloudflare.com/search?q=python+tutorial,0
http://68.5.135.195/password/apple/9kjo,1
http://111.124.137.106/verify/google/kga5,1
https://microsoft-signin-3nne0.com/signin.php,1
http://vo2b581z-banking.top/coinbase/banking?id=h34dz5pz7j,1
https://www.github.com/user/profile,0
https://slack.com/search?q=python+tutorial,0
http://chase-recover.app-fy4b.gq/recover,1
https://khanacademy.org/careers,0
http://51.1.175.252/confirm/paypal/dwo2,1
http://tinyurl.com/rvy2evb,1
http://is.gd/9et9diw,1
https://kpok1bx9-verify.work/amazon/verify?id=yrk304s7ng,1
https://www.spotify.com/pricing,0
https://mozilla.org/api/v1/status,0
https://stackoverflow.com/contact-us,0
http://152.116.42.134/invoice/microsoft/ppgj,1
http://tinyurl.com/js6eolm,1
http://bit.ly/sjhmq6v,1
https://theguardian.com,0
https://protonmail.com/,0
http://vco81q6s-secure.ga/paypal/secure?id=itv69efsw2,1
https://protonmail.com/api/v1/status,0
http://tinyurl.com/365e667,1
https://paypal-confirm-ctlov.com/confirm.php,1
http://bit.ly/qyl53zu,1
https://www.wsj.com/contact-us,0
https://amazon-billing-74gtn.com/billing.php,1
https://mit.edu/contact-us,0
http://22znpsk5-unlock.info/facebook/unlock?id=kbm98yke4w,1
http://194.224.215.177/billing/wellsfargo/9i4v,1
https://www.ebay.com/,0
https://www.quora.com/en/help,0
https://twitch.tv/pricing,0
https://chase-verify.web-9ed7.xyz/verify,1
https://www.slack.com/user/profile,0
http://54.237.188.157/verify/paypal/ed0i,1
https://google.com/news/latest,0
https://mozilla.org/careers,0
https://apple-invoice.service-z33x.info/invoice,1
https://spotify.com/search?q=python+tutorial,0
https://www.office.com/about,0
https://www.atlassian.com/products,0
https://cloudflare.com/blog/2024/annual-report,0
http://bit.ly/9ourns0,1
https://python.org/products,0
https://www.atlassian.com/,0
http://microsoft-verify-d2dug.com/verify.php,1
https://www.twitch.tv/api/v1/status,0
http://16.144.198.83/billing/amazon/qu0z,1
https://www.medium.com/search?q=python+tutorial,0
https://netflix-password-a91fn.com/password.php,1
https://www.ebay.com/contact-us,0
https://www.medium.com/api/v1/status,0
https://7q43nvik-account.work/coinbase/account?id=74au0lj4ea,1
http://amazon-secure-6uqxr.com/secure.php,1
http://rccuoill-secure.ga/microsoft/secure?id=dxyibgcehn,1
https://github.com/about,0
https://amazon-recover-ydq9n.com/recover.php,1
http://google-unlock.session-j0g1.ga/unlock,1
http://wellsfargo-recover-9jrb5.com/recover.php,1
https://www.wellsfargo.com/careers,0
http://bit.ly/yl65274,1
https://www.nytimes.com/user/profile,0
http://m5l8nwgj-banking.ml/facebook/banking?id=xl2l6j2bc8,1
http://google-secure.support-j3fb.click/secure,1
https://5zqall68-password.tk/chase/password?id=r63ruwhpv8,1
https://stanford.edu/pricing,0
https://wellsfargo.com/contact-us,0
http://apple-recover-imj2s.com/recover.php,1
http://bit.ly/bvqq5hl,1
https://notion.so/en/help,0
https://wellsfargo.com/careers,0
https://at2ykgdx-recover.tk/paypal/recover?id=nm1xer0btc,1
http://bit.ly/7icggrb,1
https://chase.com/en/help,0
http://bit.ly/m5h8wje,1
https://ebay.com/search?q=python+tutorial,0
http://216.49.98.145/wallet/wellsfargo/ftzf,1
https://spotify.com/contact-us,0
http://4nik6p0a-recover.ml/office365/recover?id=7rm59pd1ny,1
http://tinyurl.com/lnfxf7f,1
https://chase-update-aqgoa.com/update.php,1
http://instagram-secure.team-h3dl.tk/secure,1
http://g7n58req-wallet.work/wellsfargo/wallet?id=61cuuasnj0,1
https://www.medium.com/about,0
https://jcog234s-signin.cf/paypal/signin?id=813xxhte61,1
http://netflix-confirm-9pnu9.com/confirm.php,1
https://www.cloudflare.com/products,0
https://coqzqa7o-signin.gq/apple/signin?id=co2pza1der,1
https://amazon-password-otacg.com/password.php,1
http://36.213.31.178/recover/paypal/3dq9,1
http://facebook-confirm.service-4e7i.top/confirm,1
https://microsoft.com/pricing,0
https://quora.com/pricing,0
https://www.python.org/careers,0
http://tinyurl.com/yil0vsd,1
https://wellsfargo.com/user/profile,0
http://is.gd/jo4h26b,1
https://adobe.com/contact-us,0
https://adobe.com/products,0
https://www.mit.edu,0
https://microsoft-suspend.app-k7t0.top/suspend,1
https://yeanwi5b-suspend.xyz/apple/suspend?id=go3hjrm1w9,1
http://61.83.200.152/verify/microsoft/bco4,1
https://www.pinterest.com/en/help,0
https://office365-update-br26t.com/update.php,1
http://6.203.143.175/verify/microsoft/z7iv,1
http://is.gd/vot9ffa,1
http://is.gd/yrohv7d,1
https://www.slack.com/,0
https://microsoft.com/blog/2024/annual-report,0
https://npr.org/search?q=python+tutorial,0
https://cloudflare.com/products,0
https://notion.so/account/settings,0
http://b0gz8js4-billing.top/netflix/billing?id=p8e0gwo6fg,1
https://ebay.com/contact-us,0
http://83.84.193.195/wallet/wellsfargo/w5wg,1
http://hpx0zcw2-verify.work/coinbase/verify?id=37cz1bnlbv,1
https://www.spotify.com/api/v1/status,0
https://www.stackoverflow.com/pricing,0
https://protonmail.com/account/settings,0
http://vukx7az0-recover.cf/amazon/recover?id=dem6jrfl2c,1
https://atlassian.com/blog/2024/annual-report,0
https://theguardian.com/about,0
http://198.185.4.53/password/coinbase/harw,1
https://linkedin.com/search?q=python+tutorial,0
https://www.ebay.com/search?q=python+tutorial,0
https://www.nytimes.com/blog/2024/annual-report,0
https://www.digitalocean.com/en/help,0
https://atlassian.com/api/v1/status,0
https://wellsfargo.com/search?q=python+tutorial,0
https://digitalocean.com/news/latest,0
https://twitch.tv/search?q=python+tutorial,0
https://npr.org/pricing,0
http://instagram-invoice.support-6csq.tk/invoice,1
https://www.google.com/about,0
https://paypal-update.center-gtvb.top/update,1
http://153.10.195.36/suspend/wellsfargo/j7sb,1
http://netflix-billing.session-xmae.xyz/billing,1
https://google.com/account/settings,0
https://office.com,0
https://nytimes.com/search?q=python+tutorial,0
https://instagram-banking-hqmrz.com/banking.php,1
https://amazon.com/docs/getting-started,0
http://zimuor8r-suspend.click/office365/suspend?id=61r2c6kho7,1
https://microsoft.com/careers,0
https://salesforce.com/contact-us,0
https://www.quora.com/about,0
http://is.gd/yqxq1xx,1
https://theguardian.com/,0
https://www.figma.com/pricing,0
http://234.63.204.124/wallet/chase/nqgv,1
http://is.gd/6d00tgr,1
http://spkvkuyf-confirm.top/apple/confirm?id=gffaj815fj,1
http://bit.ly/e60ba8j,1
https://apple.com/about,0
https://mozilla.org/account/settings,0
http://paypal-confirm-iof7j.com/confirm.php,1
https://www.outlook.com/contact-us,0
https://spotify.com/news/latest,0
https://mit.edu/docs/getting-started,0
https://slack.com/blog/2024/annual-report,0
https://ebay.com/en/help,0
http://176.114.160.69/login/chase/ym8p,1
https://mozilla.org/docs/getting-started,0
http://41.244.239.57/account/coinbase/w3ba,1
https://nytimes.com/,0
https://www.digitalocean.com/account/settings,0
http://coinbase-secure.online-j81m.work/secure,1
http://170.13.94.80/account/instagram/kyc9,1
http://netflix-password-anx3f.com/password.php,1
https://facebook-unlock-zlurj.com/unlock.php,1
http://153.3.202.4/update/google/0zk2,1
https://apple-account-81b6o.com/account.php,1
http://4vufvrvi-billing.ga/facebook/billing?id=yd2u1em9oh,1
http://instagram-secure.id-8c04.tk/secure,1
https://coinbase-billing-zom8g.com/billing.php,1
https://wsj.com/about,0
http://29.98.10.34/banking/office365/gghu,1
https://npmjs.com/user/profile,0
https://www.notion.so/search?q=python+tutorial,0
https://dropbox.com/products,0
https://www.cloudflare.com,0
https://figma.com/products,0
http://tinyurl.com/gu1dw72,1
http://lgt1qrmz-login.info/netflix/login?id=wgy4mpucvw,1
http://office365-verify-9l2h4.com/verify.php,1
http://coinbase-update-inzlk.com/update.php,1
https://chase.com/search?q=python+tutorial,0
http://tinyurl.com/k9pfvkl,1
https://www.protonmail.com/docs/getting-started,0
http://2nqrieih-suspend.xyz/apple/suspend?id=t1xaljms53,1
http://google-banking.portal-juuz.top/banking,1
http://netflix-invoice-38f3a.com/invoice.php,1
https://www.salesforce.com/,0
https://figma.com/,0
https://www.nytimes.com/account/settings,0
https://outlook.com/about,0
http://chase-verify-cmty7.com/verify.php,1
http://bit.ly/lhcygnm,1
https://linkedin.com/pricing,0
http://office365-update-qpw90.com/update.php,1
http://bit.ly/x56gvxq,1
https://www.gitlab.com/news/latest,0
https://by96mk3x-signin.ml/coinbase/signin?id=pl4muisebn,1
https://khanacademy.org/about,0
https://www.figma.com/blog/2024/annual-report,0
http://is.gd/zlbl5pw,1
http://84.118.179.254/update/apple/qkn9,1
http://bit.ly/lqdyx8o,1
https://www.twitch.tv/en/help,0
https://www.outlook.com/en/help,0
http://gvs9voqb-suspend.click/facebook/suspend?id=ael21kim7t,1
https://google-verify-bdey7.com/verify.php,1
https://quora.com/api/v1/status,0
https://npmjs.com/contact-us,0
http://1.129.134.194/billing/coinbase/iu7z,1
https://office.com/api/v1/status,0
https://coursera.org/careers,0
http://bit.ly/iq31ahc,1
https://apple.com/contact-us,0
http://teh7sg8s-secure.tk/netflix/secure?id=ooz74vbi0m,1
https://www.wikipedia.org/account/settings,0
https://office.com/account/settings,0
https://adobe.com/search?q=python+tutorial,0
http://bit.ly/d0i205l,1
https://paypal-confirm.online-gwxt.top/confirm,1
https://wellsfargo.com,0
https://theguardian.com/docs/getting-started,0
http://google-password-08bav.com/password.php,1
http://bit.ly/evrcyqh,1
https://www.github.com/en/help,0
https://www.amazon.com/account/settings,0
http://office365-wallet.support-9era.gq/wallet,1
https://www.wellsfargo.com/user/profile,0
https://zre6m6th-wallet.work/netflix/wallet?id=03ps37vnz8,1
https://www.wellsfargo.com/api/v1/status,0
http://paypal-update.auth-eeq2.ml/update,1
https://stanford.edu/products,0
http://198.32.168.144/recover/apple/ujae,1
https://google.com/user/profile,0
https://www.stanford.edu/blog/2024/annual-report,0
https://www.npmjs.com/user/profile,0
https://wikipedia.org/about,0
https://office.com/docs/getting-started,0
https://zoom.us/api/v1/status,0
https://www.usa.gov/products,0
https://linkedin.com/user/profile,0
http://chase-secure-6szo4.com/secure.php,1
https://www.netflix.com/account/settings,0
http://54.82.51.20/update/instagram/1d4g,1
https://apple-secure-7z7m1.com/secure.php,1
https://stanford.edu/account/settings,0
https://figma.com,0
https://irs.gov/docs/getting-started,0
https://www.mit.edu/docs/getting-started,0
http://167.207.253.235/confirm/amazon/vt8u,1
https://theguardian.com/products,0
https://www.protonmail.com/account/settings,0
https://www.salesforce.com/news/latest,0
https://www.cloudflare.com/blog/2024/annual-report,0
https://cloudflare.com/about,0
https://www.paypal.com/pricing,0
https://apple-suspend.id-16pn.cf/suspend,1
https://microsoft-invoice.session-cfca.gq/invoice,1
https://dropbox.com/search?q=python+tutorial,0
http://facebook-wallet-hcl62.com/wallet.php,1
http://tinyurl.com/8j165ji,1
http://netflix-signin-1btoh.com/signin.php,1
http://117.60.23.240/account/google/iuwk,1
http://27.171.95.116/suspend/facebook/bd6x,1
http://bit.ly/abtym4y,1
https://amazon-account.web-fsdp.xyz/account,1
http://google-login-lm28x.com/login.php,1
https://pob14rv6-wallet.work/microsoft/wallet?id=t5zdtqgj9o,1
https://shopify.com/about,0
http://50.140.102.49/suspend/apple/gauc,1
https://gitlab.com/docs/getting-started,0
https://google-update-r07go.com/update.php,1
https://stackoverflow.com/blog/2024/annual-report,0
https://wellsfargo-recover.id-cojw.tk/recover,1
http://bit.ly/w7h75ax,1
http://apple-recover-1c646.com/recover.php,1
http://instagram-secure.center-h80k.ga/secure,1
https://atlassian.com/user/profile,0
https://www.python.org/docs/getting-started,0
http://bit.ly/m98ai5n,1
https://www.quora.com/account/settings,0
https://crxrqaht-banking.work/amazon/banking?id=uql23b2a3c,1
https://apple.com/blog/2024/annual-report,0
https://digitalocean.com/api/v1/status,0
https://chase.com/api/v1/status,0
https://shopify.com/contact-us,0
https://www.coursera.org/account/settings,0
https://atlassian.com/search?q=python+tutorial,0
https://chase.com/user/profile,0
https://wellsfargo.com/account/settings,0
http://microsoft-recover.session-uhvn.top/recover,1
https://outlook.com/blog/2024/annual-report,0
https://www.medium.com/account/settings,0
https://www.wikipedia.org,0
https://www.irs.gov/pricing,0
https://office365-recover-797v2.com/recover.php,1
http://is.gd/a4i3do3,1
http://84.44.25.218/password/netflix/o8ou,1
https://khanacademy.org/en/help,0
https://pl36hvkp-signin.cf/wellsfargo/signin?id=3eac074ye0,1
https://coursera.org/search?q=python+tutorial,0
https://www.coursera.org/careers,0
http://kdnxac0g-signin.info/amazon/signin?id=6t64tjipur,1
https://www.chase.com/en/help,0
https://github.com/blog/2024/annual-report,0
https://office365-banking-npjkj.com/banking.php,1
http://wellsfargo-password-giffd.com/password.php,1
http://d2z81k31-wallet.work/microsoft/wallet?id=pol9n6ynn4,1
https://google-update.gateway-bcbp.ga/update,1
https://spotify.com/blog/2024/annual-report,0
https://google.com/,0
http://bit.ly/6ly5h6k,1
https://adobe.com/careers,0
https://paypal.com/api/v1/status,0
http://microsoft-unlock.portal-xkjs.work/unlock,1
http://instagram-update.team-8jlf.tk/update,1
https://linkedin.com/,0
https://paypal.com,0
https://paypal-account-032eh.com/account.php,1
http://203.182.77.187/suspend/google/di5r,1
https://digitalocean.com/user/profile,0
https://www.usa.gov/docs/getting-started,0
https://www.figma.com/api/v1/status,0
http://158.25.110.82/secure/wellsfargo/cmsr,1
https://google-update-2oksq.com/update.php,1
http://bit.ly/yxdofkf,1
http://194.227.254.77/unlock/office365/2l90,1
https://www.microsoft.com/contact-us,0
http://wellsfargo-invoice.web-qvs2.info/invoice,1
https://www.npr.org/account/settings,0
https://stanford.edu/,0
https://f7q2jsj1-billing.tk/office365/billing?id=rlo0tk7eof,1
https://usa.gov/en/help,0
https://lsra0nb0-login.work/coinbase/login?id=irr3ugoobu,1
https://www.python.org/en/help,0
https://www.dropbox.com/blog/2024/annual-report,0
https://facebook-password.team-vwkl.xyz/password,1
http://16.2.195.232/recover/instagram/8ag4,1
https://9tgzct0f-unlock.click/google/unlock?id=vrdiegag4c,1
http://apple-login.online-cv4t.click/login,1
https://www.google.com/docs/getting-started,0
https://chase-invoice-cqvcb.com/invoice.php,1
https://google.com/blog/2024/annual-report,0
https://medium.com/products,0
http://tinyurl.com/9y2h9ev,1
http://2vgilz2e-wallet.ml/amazon/wallet?id=og4xozi1r4,1
https://www.twitch.tv/products,0
https://twitch.tv/about,0
https://www.chase.com/careers,0
https://twitch.tv/user/profile,0
https://npr.org/blog/2024/annual-report,0
http://facebook-login-vkgf8.com/login.php,1
https://amazon-signin-aady7.com/signin.php,1
http://google-password.portal-4xpy.ga/password,1
https://8z86oc1i-unlock.cf/facebook/unlock?id=qz4j72e1be,1
https://www.atlassian.com/api/v1/status,0
http://252.162.152.244/banking/coinbase/icus,1
https://office365-recover.portal-8y7k.ga/recover,1
https://coursera.org/api/v1/status,0
https://office.com/user/profile,0
https://coinbase-update-hrsbk.com/update.php,1
http://is.gd/rq6v0qw,1
http://facebook-wallet-wiugz.com/wallet.php,1
http://bit.ly/3kkisdx,1
https://quora.com/docs/getting-started,0
https://amazon.com/search?q=python+tutorial,0
http://228.170.31.252/invoice/paypal/j1vb,1
http://is.gd/eg92ion,1
https://linkedin.com/en/help,0
https://www.stanford.edu,0
https://netflix.com/news/latest,0
http://201qia2y-recover.gq/instagram/recover?id=nj4envn9z4,1
https://www.mozilla.org/blog/2024/annual-report,0
https://www.etsy.com,0
http://bit.ly/fqw4z6p,1
https://www.bbc.co.uk/docs/getting-started,0
http://112.149.221.154/login/google/y2no,1
http://is.gd/oqygigk,1
https://notion.so/pricing,0
http://tinyurl.com/wiqr4h0,1
http://google-login-i8weu.com/login.php,1
http://0ygjn5sd-suspend.gq/instagram/suspend?id=54rpolu1ln,1
http://office365-account.id-jzmj.top/account,1
https://salesforce.com,0
https://paypal-password.portal-i3w5.click/password,1
https://office365-suspend.session-eijg.ga/suspend,1
https://www.chase.com,0
https://bbc.co.uk/docs/getting-started,0
https://16c96ejy-verify.info/facebook/verify?id=v2rjjmfyrz,1
https://zoom.us/contact-us,0
http://196.197.216.111/billing/paypal/5c69,1
http://instagram-banking.app-7kxk.click/banking,1
https://www.pinterest.com/search?q=python+tutorial,0
http://qx67z4kw-secure.work/amazon/secure?id=j6u7xy5k74,1
https://github.com,0
http://tinyurl.com/xka87gr,1
https://www.dropbox.com/account/settings,0
http://99jpkuxp-wallet.gq/google/wallet?id=8nu9tr0h53,1
https://gitlab.com/pricing,0
https://www.slack.com/about,0
https://dropbox.com/blog/2024/annual-report,0
http://6.23.214.217/verify/netflix/5mlt,1
http://tinyurl.com/lucsuc6,1
http://paypal-verify.auth-q2pf.info/verify,1
http://amazon-verify-nha0g.com/verify.php,1
http://tinyurl.com/yqpo93l,1
http://skpjhwsd-wallet.top/google/wallet?id=epfvnvd01l,1
https://wellsfargo-invoice-nr8gs.com/invoice.php,1
https://www.bbc.co.uk/products,0
https://microsoft.com/news/latest,0
http://is.gd/qg8fpx6,1
https://4izlb6rz-unlock.xyz/microsoft/unlock?id=4ikxtnuxfz,1
https://amazon-invoice.session-w1c5.ml/invoice,1
https://office365-invoice.mobile-t1je.cf/invoice,1
http://is.gd/8ruirdm,1
http://223.83.200.102/login/chase/bmxz,1
https://www.pinterest.com/about,0
https://etsy.com/,0
http://is.gd/1997h47,1
https://www.irs.gov/news/latest,0
http://wl484mas-unlock.click/microsoft/unlock?id=91lueulh2t,1
https://netflix.com/blog/2024/annual-report,0
http://45.208.244.236/confirm/office365/ciii,1
http://wellsfargo-unlock-4dj0t.com/unlock.php,1
http://bit.ly/1o8ph6l,1
https://netflix.com/about,0
http://bit.ly/youndx3,1
https://www.medium.com/careers,0
https://outlook.com/news/latest,0
https://reddit.com/about,0
https://bbc.co.uk/user/profile,0
https://www.medium.com,0
http://116.6.246.63/recover/wellsfargo/0mct,1
http://ikyi1hfs-secure.info/chase/secure?id=jqn0iv9urj,1
https://tiuwhp1c-recover.work/microsoft/recover?id=d7u8g6hcsu,1
https://dropbox.com/contact-us,0
http://61n8xv99-confirm.ml/google/confirm?id=fu34kgy97c,1
https://www.nytimes.com/search?q=python+tutorial,0
http://google-secure.gateway-erlh.ml/secure,1
http://chase-account.team-slkz.cf/account,1
https://office365-verify-ovwau.com/verify.php,1
